season,overall_pick,round,pick_in_round,team_id,team_name,player_name,keeper
2016,1,1,1,1,Tin Chicken Lives Matter,Antonio Brown,False
2016,2,1,2,2,I have the tin chicken,Todd Gurley,False
2016,3,1,3,3,Jet Fuel Can't Melt Tin Chickn,Le'Veon Bell,False
2016,4,1,4,10,ALL DAY Johnnys,Cam Newton,False
2016,5,1,5,4,Prestige Worldwide,Ezekiel Elliott,False
2016,6,1,6,9,Parm Farty Tin Chickens,Odell Beckham Jr.,False
2016,7,1,7,8,Shiver Me Tin Chickens,Adrian Peterson,False
2016,8,1,8,5,they got tin chken n philly?,David Johnson,False
2016,9,1,9,7,The NFL Team Owners,Julio Jones,False
2016,10,1,10,6,TINder Chicken Draft Date,DeAndre Hopkins,False
2016,11,2,1,6,TINder Chicken Draft Date,A.J. Green,False
2016,12,2,2,7,The NFL Team Owners,Lamar Miller,False
2016,13,2,3,5,they got tin chken n philly?,Devonta Freeman,False
2016,14,2,4,8,Shiver Me Tin Chickens,Rob Gronkowski,False
2016,15,2,5,9,Parm Farty Tin Chickens,Jordy Nelson,False
2016,16,2,6,4,Prestige Worldwide,Sammy Watkins,False
2016,17,2,7,10,ALL DAY Johnnys,Doug Martin,False
2016,18,2,8,3,Jet Fuel Can't Melt Tin Chickn,Eddie Lacy,False
2016,19,2,9,2,I have the tin chicken,Allen Robinson,False
2016,20,2,10,1,Tin Chicken Lives Matter,Mark Ingram,False
2016,21,3,1,1,Tin Chicken Lives Matter,Brandon Marshall,False
2016,22,3,2,2,I have the tin chicken,Jamaal Charles,False
2016,23,3,3,3,Jet Fuel Can't Melt Tin Chickn,Kelvin Benjamin,False
2016,24,3,4,10,ALL DAY Johnnys,LeSean McCoy,False
2016,25,3,5,4,Prestige Worldwide,Dez Bryant,False
2016,26,3,6,9,Parm Farty Tin Chickens,Jonathan Stewart,False
2016,27,3,7,8,Shiver Me Tin Chickens,Amari Cooper,False
2016,28,3,8,5,they got tin chken n philly?,Mike Evans,False
2016,29,3,9,7,The NFL Team Owners,Alshon Jeffery,False
2016,30,3,10,6,TINder Chicken Draft Date,Thomas Rawls,False
2016,31,4,1,6,TINder Chicken Draft Date,Russell Wilson,False
2016,32,4,2,7,The NFL Team Owners,Aaron Rodgers,False
2016,33,4,3,5,they got tin chken n philly?,Demaryius Thomas,False
2016,34,4,4,8,Shiver Me Tin Chickens,Keenan Allen,False
2016,35,4,5,9,Parm Farty Tin Chickens,Andrew Luck,False
2016,36,4,6,4,Prestige Worldwide,Brandin Cooks,False
2016,37,4,7,10,ALL DAY Johnnys,Jordan Reed,False
2016,38,4,8,3,Jet Fuel Can't Melt Tin Chickn,Greg Olsen,False
2016,39,4,9,2,I have the tin chicken,C.J. Anderson,False
2016,40,4,10,1,Tin Chicken Lives Matter,Matt Forte,False
2016,41,5,1,1,Tin Chicken Lives Matter,Carlos Hyde,False
2016,42,5,2,2,I have the tin chicken,Julian Edelman,False
2016,43,5,3,3,Jet Fuel Can't Melt Tin Chickn,Randall Cobb,False
2016,44,5,4,10,ALL DAY Johnnys,T.Y. Hilton,False
2016,45,5,5,4,Prestige Worldwide,Ben Roethlisberger,False
2016,46,5,6,9,Parm Farty Tin Chickens,Delanie Walker,False
2016,47,5,7,8,Shiver Me Tin Chickens,Jeremy Hill,False
2016,48,5,8,5,they got tin chken n philly?,Drew Brees,False
2016,49,5,9,7,The NFL Team Owners,Latavius Murray,False
2016,50,5,10,6,TINder Chicken Draft Date,Jarvis Landry,False
2016,51,6,1,6,TINder Chicken Draft Date,DeMarco Murray,False
2016,52,6,2,7,The NFL Team Owners,Travis Kelce,False
2016,53,6,3,5,they got tin chken n philly?,Larry Fitzgerald,False
2016,54,6,4,8,Shiver Me Tin Chickens,Marcus Mariota,False
2016,55,6,5,9,Parm Farty Tin Chickens,Doug Baldwin,False
2016,56,6,6,4,Prestige Worldwide,Coby Fleener,False
2016,57,6,7,10,ALL DAY Johnnys,Ryan Mathews,False
2016,58,6,8,3,Jet Fuel Can't Melt Tin Chickn,DeAngelo Williams,False
2016,59,6,9,2,I have the tin chicken,Blake Bortles,False
2016,60,6,10,1,Tin Chicken Lives Matter,Kevin White,False
2016,61,7,1,1,Tin Chicken Lives Matter,Jeremy Maclin,False
2016,62,7,2,2,I have the tin chicken,Julius Thomas,False
2016,63,7,3,3,Jet Fuel Can't Melt Tin Chickn,Josh Gordon,False
2016,64,7,4,10,ALL DAY Johnnys,Eric Decker,False
2016,65,7,5,4,Prestige Worldwide,Frank Gore,False
2016,66,7,6,9,Parm Farty Tin Chickens,Jeremy Langford,False
2016,67,7,7,8,Shiver Me Tin Chickens,Tom Brady,False
2016,68,7,8,5,they got tin chken n philly?,Matt Jones,False
2016,69,7,9,7,The NFL Team Owners,Golden Tate,False
2016,70,7,10,6,TINder Chicken Draft Date,Stefon Diggs,False
2016,71,8,1,6,TINder Chicken Draft Date,Carson Palmer,False
2016,72,8,2,7,The NFL Team Owners,Melvin Gordon,False
2016,73,8,3,5,they got tin chken n philly?,Donte Moncrief,False
2016,74,8,4,8,Shiver Me Tin Chickens,DeSean Jackson,False
2016,75,8,5,9,Parm Farty Tin Chickens,Ameer Abdullah,False
2016,76,8,6,4,Prestige Worldwide,Kirk Cousins,False
2016,77,8,7,10,ALL DAY Johnnys,Emmanuel Sanders,False
2016,78,8,8,3,Jet Fuel Can't Melt Tin Chickn,Tyrod Taylor,False
2016,79,8,9,2,I have the tin chicken,Sammie Coates,False
2016,80,8,10,1,Tin Chicken Lives Matter,John Brown,False
2016,81,9,1,1,Tin Chicken Lives Matter,Stephen Gostkowski,False
2016,82,9,2,2,I have the tin chicken,Torrey Smith,False
2016,83,9,3,3,Jet Fuel Can't Melt Tin Chickn,LeGarrette Blount,False
2016,84,9,4,10,ALL DAY Johnnys,Michael Floyd,False
2016,85,9,5,4,Prestige Worldwide,Rashad Jennings,False
2016,86,9,6,9,Parm Farty Tin Chickens,Michael Crabtree,False
2016,87,9,7,8,Shiver Me Tin Chickens,Derrick Henry,False
2016,88,9,8,5,they got tin chken n philly?,Arian Foster,False
2016,89,9,9,7,The NFL Team Owners,Marvin Jones,False
2016,90,9,10,6,TINder Chicken Draft Date,Allen Hurns,False
2016,91,10,1,6,TINder Chicken Draft Date,Panthers D/ST,False
2016,92,10,2,7,The NFL Team Owners,Danny Woodhead,False
2016,93,10,3,5,they got tin chken n philly?,Gary Barnidge,False
2016,94,10,4,8,Shiver Me Tin Chickens,Justin Forsett,False
2016,95,10,5,9,Parm Farty Tin Chickens,Broncos D/ST,False
2016,96,10,6,4,Prestige Worldwide,Chris Ivory,False
2016,97,10,7,10,ALL DAY Johnnys,Duke Johnson Jr.,False
2016,98,10,8,3,Jet Fuel Can't Melt Tin Chickn,Kamar Aiken,False
2016,99,10,9,2,I have the tin chicken,Steven Hauschka,False
2016,100,10,10,1,Tin Chicken Lives Matter,Dwayne Allen,False
2016,101,11,1,1,Tin Chicken Lives Matter,Isaiah Crowell,False
2016,102,11,2,2,I have the tin chicken,Tyler Lockett,False
2016,103,11,3,3,Jet Fuel Can't Melt Tin Chickn,Cardinals D/ST,False
2016,104,11,4,10,ALL DAY Johnnys,Jordan Matthews,False
2016,105,11,5,4,Prestige Worldwide,Vincent Jackson,False
2016,106,11,6,9,Parm Farty Tin Chickens,Blair Walsh,False
2016,107,11,7,8,Shiver Me Tin Chickens,DeVante Parker,False
2016,108,11,8,5,they got tin chken n philly?,Seahawks D/ST,False
2016,109,11,9,7,The NFL Team Owners,Jay Ajayi,False
2016,110,11,10,6,TINder Chicken Draft Date,Tyler Eifert,False
2016,111,12,1,6,TINder Chicken Draft Date,Graham Gano,False
2016,112,12,2,7,The NFL Team Owners,Sterling Shepard,False
2016,113,12,3,5,they got tin chken n philly?,Giovani Bernard,False
2016,114,12,4,8,Shiver Me Tin Chickens,Devin Funchess,False
2016,115,12,5,9,Parm Farty Tin Chickens,Tavon Austin,False
2016,116,12,6,4,Prestige Worldwide,Zach Ertz,False
2016,117,12,7,10,ALL DAY Johnnys,T.J. Yeldon,False
2016,118,12,8,3,Jet Fuel Can't Melt Tin Chickn,Christine Michael,False
2016,119,12,9,2,I have the tin chicken,Bengals D/ST,False
2016,120,12,10,1,Tin Chicken Lives Matter,Eli Manning,False
2016,121,13,1,1,Tin Chicken Lives Matter,Tevin Coleman,False
2016,122,13,2,2,I have the tin chicken,Derek Carr,False
2016,123,13,3,3,Jet Fuel Can't Melt Tin Chickn,Jimmy Graham,False
2016,124,13,4,10,ALL DAY Johnnys,Philip Rivers,False
2016,125,13,5,4,Prestige Worldwide,Packers D/ST,False
2016,126,13,6,9,Parm Farty Tin Chickens,Matthew Stafford,False
2016,127,13,7,8,Shiver Me Tin Chickens,Willie Snead,False
2016,128,13,8,5,they got tin chken n philly?,Travis Benjamin,False
2016,129,13,9,7,The NFL Team Owners,James Starks,False
2016,130,13,10,6,TINder Chicken Draft Date,Antonio Gates,False
2016,131,14,1,6,TINder Chicken Draft Date,Darren Sproles,False
2016,132,14,2,7,The NFL Team Owners,Steve Smith Sr.,False
2016,133,14,3,5,they got tin chken n philly?,Dan Bailey,False
2016,134,14,4,8,Shiver Me Tin Chickens,Texans D/ST,False
2016,135,14,5,9,Parm Farty Tin Chickens,Devontae Booker,False
2016,136,14,6,4,Prestige Worldwide,Justin Tucker,False
2016,137,14,7,10,ALL DAY Johnnys,Bilal Powell,False
2016,138,14,8,3,Jet Fuel Can't Melt Tin Chickn,Chandler Catanzaro,False
2016,139,14,9,2,I have the tin chicken,Theo Riddick,False
2016,140,14,10,1,Tin Chicken Lives Matter,Dak Prescott,False
2016,141,15,1,1,Tin Chicken Lives Matter,Chiefs D/ST,False
2016,142,15,2,2,I have the tin chicken,Charles Sims,False
2016,143,15,3,3,Jet Fuel Can't Melt Tin Chickn,Pierre Garcon,False
2016,144,15,4,10,ALL DAY Johnnys,Raiders D/ST,False
2016,145,15,5,4,Prestige Worldwide,Jets D/ST,False
2016,146,15,6,9,Parm Farty Tin Chickens,Michael Thomas,False
2016,147,15,7,8,Shiver Me Tin Chickens,Corey Coleman,False
2016,148,15,8,5,they got tin chken n philly?,Alfred Morris,False
2016,149,15,9,7,The NFL Team Owners,Patriots D/ST,False
2016,150,15,10,6,TINder Chicken Draft Date,Markus Wheaton,False
2016,151,16,1,6,TINder Chicken Draft Date,Spencer Ware,False
2016,152,16,2,7,The NFL Team Owners,Mason Crosby,False
2016,153,16,3,5,they got tin chken n philly?,Vikings D/ST,False
2016,154,16,4,8,Shiver Me Tin Chickens,Adam Vinatieri,False
2016,155,16,5,9,Parm Farty Tin Chickens,Mohamed Sanu,False
2016,156,16,6,4,Prestige Worldwide,Phillip Dorsett,False
2016,157,16,7,10,ALL DAY Johnnys,Matt Prater,False
2016,158,16,8,3,Jet Fuel Can't Melt Tin Chickn,Ryan Fitzpatrick,False
2016,159,16,9,2,I have the tin chicken,Chris Hogan,False
2016,160,16,10,1,Tin Chicken Lives Matter,DeAndre Washington,False
2017,1,1,1,2,Honey Funches  Of Oats,Le'Veon Bell,False
2017,2,1,2,5,they got tin chken n philly?,David Johnson,False
2017,3,1,3,9,On the 2nd Year He Ressurected,Antonio Brown,False
2017,4,1,4,10,ALL DAY Johnnys,Julio Jones,False
2017,5,1,5,4,Give me the hotdog baby,LeSean McCoy,False
2017,6,1,6,3,Jet Fuel Can't Melt Tin Chickn,Melvin Gordon,False
2017,7,1,7,7,Dontrelle Inman and the Necks,Odell Beckham Jr.,False
2017,8,1,8,1,Triple Crown Affirmed,Devonta Freeman,False
2017,9,1,9,6,Travis Kelce And the Boys,Jordy Nelson,False
2017,10,1,10,8,Josh N Brian's Excellent Team,A.J. Green,False
2017,11,2,1,8,Josh N Brian's Excellent Team,Jordan Howard,False
2017,12,2,2,6,Travis Kelce And the Boys,Jay Ajayi,False
2017,13,2,3,1,Triple Crown Affirmed,Mike Evans,False
2017,14,2,4,7,Dontrelle Inman and the Necks,DeMarco Murray,False
2017,15,2,5,3,Jet Fuel Can't Melt Tin Chickn,Todd Gurley II,False
2017,16,2,6,4,Give me the hotdog baby,T.Y. Hilton,False
2017,17,2,7,10,ALL DAY Johnnys,Leonard Fournette,False
2017,18,2,8,9,On the 2nd Year He Ressurected,Michael Thomas,False
2017,19,2,9,5,they got tin chken n philly?,Lamar Miller,False
2017,20,2,10,2,Honey Funches  Of Oats,Amari Cooper,False
2017,21,3,1,2,Honey Funches  Of Oats,Ezekiel Elliott,False
2017,22,3,2,5,they got tin chken n philly?,Doug Baldwin,False
2017,23,3,3,9,On the 2nd Year He Ressurected,Brandin Cooks,False
2017,24,3,4,10,ALL DAY Johnnys,Marshawn Lynch,False
2017,25,3,5,4,Give me the hotdog baby,Alshon Jeffery,False
2017,26,3,6,3,Jet Fuel Can't Melt Tin Chickn,Terrelle Pryor Sr.,False
2017,27,3,7,7,Dontrelle Inman and the Necks,Rob Gronkowski,False
2017,28,3,8,1,Triple Crown Affirmed,Christian McCaffrey,False
2017,29,3,9,6,Travis Kelce And the Boys,Dez Bryant,False
2017,30,3,10,8,Josh N Brian's Excellent Team,Kareem Hunt,False
2017,31,4,1,8,Josh N Brian's Excellent Team,Keenan Allen,False
2017,32,4,2,6,Travis Kelce And the Boys,Joe Mixon,False
2017,33,4,3,1,Triple Crown Affirmed,Dalvin Cook,False
2017,34,4,4,7,Dontrelle Inman and the Necks,Aaron Rodgers,False
2017,35,4,5,3,Jet Fuel Can't Melt Tin Chickn,Darren McFadden,False
2017,36,4,6,4,Give me the hotdog baby,Isaiah Crowell,False
2017,37,4,7,10,ALL DAY Johnnys,Demaryius Thomas,False
2017,38,4,8,9,On the 2nd Year He Ressurected,Ty Montgomery,False
2017,39,4,9,5,they got tin chken n philly?,Davante Adams,False
2017,40,4,10,2,Honey Funches  Of Oats,Kelvin Benjamin,False
2017,41,5,1,2,Honey Funches  Of Oats,Carlos Hyde,False
2017,42,5,2,5,they got tin chken n philly?,Drew Brees,False
2017,43,5,3,9,On the 2nd Year He Ressurected,Jordan Reed,False
2017,44,5,4,10,ALL DAY Johnnys,Tom Brady,False
2017,45,5,5,4,Give me the hotdog baby,Golden Tate,False
2017,46,5,6,3,Jet Fuel Can't Melt Tin Chickn,Bilal Powell,False
2017,47,5,7,7,Dontrelle Inman and the Necks,DeAndre Hopkins,False
2017,48,5,8,1,Triple Crown Affirmed,Michael Crabtree,False
2017,49,5,9,6,Travis Kelce And the Boys,Mark Ingram,False
2017,50,5,10,8,Josh N Brian's Excellent Team,Jarvis Landry,False
2017,51,6,1,8,Josh N Brian's Excellent Team,Matt Ryan,False
2017,52,6,2,6,Travis Kelce And the Boys,Travis Kelce,False
2017,53,6,3,1,Triple Crown Affirmed,Allen Robinson,False
2017,54,6,4,7,Dontrelle Inman and the Necks,Ameer Abdullah,False
2017,55,6,5,3,Jet Fuel Can't Melt Tin Chickn,Martavis Bryant,False
2017,56,6,6,4,Give me the hotdog baby,Frank Gore,False
2017,57,6,7,10,ALL DAY Johnnys,Larry Fitzgerald,False
2017,58,6,8,9,On the 2nd Year He Ressurected,Danny Woodhead,False
2017,59,6,9,5,they got tin chken n philly?,Greg Olsen,False
2017,60,6,10,2,Honey Funches  Of Oats,Brandon Marshall,False
2017,61,7,1,2,Honey Funches  Of Oats,Mike Gillislee,False
2017,62,7,2,5,they got tin chken n philly?,LeGarrette Blount,False
2017,63,7,3,9,On the 2nd Year He Ressurected,Emmanuel Sanders,False
2017,64,7,4,10,ALL DAY Johnnys,Adrian Peterson,False
2017,65,7,5,4,Give me the hotdog baby,Sammy Watkins,False
2017,66,7,6,3,Jet Fuel Can't Melt Tin Chickn,Eric Decker,False
2017,67,7,7,7,Dontrelle Inman and the Necks,Rob Kelley,False
2017,68,7,8,1,Triple Crown Affirmed,DeVante Parker,False
2017,69,7,9,6,Travis Kelce And the Boys,DeSean Jackson,False
2017,70,7,10,8,Josh N Brian's Excellent Team,Jimmy Graham,False
2017,71,8,1,8,Josh N Brian's Excellent Team,Tyreek Hill,False
2017,72,8,2,6,Travis Kelce And the Boys,Eddie Lacy,False
2017,73,8,3,1,Triple Crown Affirmed,Jamison Crowder,False
2017,74,8,4,7,Dontrelle Inman and the Necks,Paul Perkins,False
2017,75,8,5,3,Jet Fuel Can't Melt Tin Chickn,Doug Martin,False
2017,76,8,6,4,Give me the hotdog baby,Terrance West,False
2017,77,8,7,10,ALL DAY Johnnys,C.J. Anderson,False
2017,78,8,8,9,On the 2nd Year He Ressurected,Pierre Garcon,False
2017,79,8,9,5,they got tin chken n philly?,Tevin Coleman,False
2017,80,8,10,2,Honey Funches  Of Oats,Marcus Mariota,False
2017,81,9,1,2,Honey Funches  Of Oats,Delanie Walker,False
2017,82,9,2,5,they got tin chken n philly?,Tyrell Williams,False
2017,83,9,3,9,On the 2nd Year He Ressurected,Stefon Diggs,False
2017,84,9,4,10,ALL DAY Johnnys,Tyler Eifert,False
2017,85,9,5,4,Give me the hotdog baby,Kyle Rudolph,False
2017,86,9,6,3,Jet Fuel Can't Melt Tin Chickn,Zach Ertz,False
2017,87,9,7,7,Dontrelle Inman and the Necks,Latavius Murray,False
2017,88,9,8,1,Triple Crown Affirmed,Hunter Henry,False
2017,89,9,9,6,Travis Kelce And the Boys,Jonathan Stewart,False
2017,90,9,10,8,Josh N Brian's Excellent Team,Willie Snead,False
2017,91,10,1,8,Josh N Brian's Excellent Team,Giovani Bernard,False
2017,92,10,2,6,Travis Kelce And the Boys,Chris Hogan,False
2017,93,10,3,1,Triple Crown Affirmed,Derrick Henry,False
2017,94,10,4,7,Dontrelle Inman and the Necks,Randall Cobb,False
2017,95,10,5,3,Jet Fuel Can't Melt Tin Chickn,Cam Newton,False
2017,96,10,6,4,Give me the hotdog baby,Theo Riddick,False
2017,97,10,7,10,ALL DAY Johnnys,Jeremy Maclin,False
2017,98,10,8,9,On the 2nd Year He Ressurected,Russell Wilson,False
2017,99,10,9,5,they got tin chken n philly?,Duke Johnson Jr.,False
2017,100,10,10,2,Honey Funches  Of Oats,Seahawks D/ST,False
2017,101,11,1,2,Honey Funches  Of Oats,Donte Moncrief,False
2017,102,11,2,5,they got tin chken n philly?,Mike Wallace,False
2017,103,11,3,9,On the 2nd Year He Ressurected,Kenny Britt,False
2017,104,11,4,10,ALL DAY Johnnys,Jameis Winston,False
2017,105,11,5,4,Give me the hotdog baby,Derek Carr,False
2017,106,11,6,3,Jet Fuel Can't Melt Tin Chickn,Andrew Luck,False
2017,107,11,7,7,Dontrelle Inman and the Necks,Adam Thielen,False
2017,108,11,8,1,Triple Crown Affirmed,Kirk Cousins,False
2017,109,11,9,6,Travis Kelce And the Boys,Matthew Stafford,False
2017,110,11,10,8,Josh N Brian's Excellent Team,Zay Jones,False
2017,111,12,1,8,Josh N Brian's Excellent Team,Dak Prescott,False
2017,112,12,2,6,Travis Kelce And the Boys,John Brown,False
2017,113,12,3,1,Triple Crown Affirmed,Corey Coleman,False
2017,114,12,4,7,Dontrelle Inman and the Necks,James White,False
2017,115,12,5,3,Jet Fuel Can't Melt Tin Chickn,Rishard Matthews,False
2017,116,12,6,4,Give me the hotdog baby,Matt Forte,False
2017,117,12,7,10,ALL DAY Johnnys,Darren Sproles,False
2017,118,12,8,9,On the 2nd Year He Ressurected,Thomas Rawls,False
2017,119,12,9,5,they got tin chken n philly?,Jamaal Charles,False
2017,120,12,10,2,Honey Funches  Of Oats,Ben Roethlisberger,False
2017,121,13,1,2,Honey Funches  Of Oats,Corey Davis,False
2017,122,13,2,5,they got tin chken n philly?,Vikings D/ST,False
2017,123,13,3,9,On the 2nd Year He Ressurected,Jordan Matthews,False
2017,124,13,4,10,ALL DAY Johnnys,Martellus Bennett,False
2017,125,13,5,4,Give me the hotdog baby,Jack Doyle,False
2017,126,13,6,3,Jet Fuel Can't Melt Tin Chickn,Kevin White,False
2017,127,13,7,7,Dontrelle Inman and the Necks,Broncos D/ST,False
2017,128,13,8,1,Triple Crown Affirmed,Charles Sims,False
2017,129,13,9,6,Travis Kelce And the Boys,Stephen Gostkowski,False
2017,130,13,10,8,Josh N Brian's Excellent Team,Chiefs D/ST,False
2017,131,14,1,8,Josh N Brian's Excellent Team,Chris Thompson,False
2017,132,14,2,6,Travis Kelce And the Boys,Patriots D/ST,False
2017,133,14,3,1,Triple Crown Affirmed,Kenny Golladay,False
2017,134,14,4,7,Dontrelle Inman and the Necks,C.J. Prosise,False
2017,135,14,5,3,Jet Fuel Can't Melt Tin Chickn,Steelers D/ST,False
2017,136,14,6,4,Give me the hotdog baby,Texans D/ST,False
2017,137,14,7,10,ALL DAY Johnnys,Justin Tucker,False
2017,138,14,8,9,On the 2nd Year He Ressurected,Jacquizz Rodgers,False
2017,139,14,9,5,they got tin chken n philly?,Matt Bryant,False
2017,140,14,10,2,Honey Funches  Of Oats,Adam Vinatieri,False
2017,141,15,1,2,Honey Funches  Of Oats,Devin Funchess,False
2017,142,15,2,5,they got tin chken n philly?,Philip Rivers,False
2017,143,15,3,9,On the 2nd Year He Ressurected,Dan Bailey,False
2017,144,15,4,10,ALL DAY Johnnys,Cardinals D/ST,False
2017,145,15,5,4,Give me the hotdog baby,Matt Prater,False
2017,146,15,6,3,Jet Fuel Can't Melt Tin Chickn,Mason Crosby,False
2017,147,15,7,7,Dontrelle Inman and the Necks,Rex Burkhead,False
2017,148,15,8,1,Triple Crown Affirmed,Panthers D/ST,False
2017,149,15,9,6,Travis Kelce And the Boys,Mitchell Trubisky,False
2017,150,15,10,8,Josh N Brian's Excellent Team,Tyler Lockett,False
2017,151,16,1,8,Josh N Brian's Excellent Team,Wil Lutz,False
2017,152,16,2,6,Travis Kelce And the Boys,Julius Thomas,False
2017,153,16,3,1,Triple Crown Affirmed,Dustin Hopkins,False
2017,154,16,4,7,Dontrelle Inman and the Necks,Cairo Santos,False
2017,155,16,5,3,Jet Fuel Can't Melt Tin Chickn,Austin Hooper,False
2017,156,16,6,4,Give me the hotdog baby,Andy Dalton,False
2017,157,16,7,10,ALL DAY Johnnys,Samaje Perine,False
2017,158,16,8,9,On the 2nd Year He Ressurected,Jaguars D/ST,False
2017,159,16,9,5,they got tin chken n philly?,Danny Amendola,False
2017,160,16,10,2,Honey Funches  Of Oats,Marvin Jones Jr.,False
2018,1,1,1,5,the iceman cometh,Todd Gurley II,False
2018,2,1,2,3,Jet Fuel Can't Evaporate Ice,Le'Veon Bell,False
2018,3,1,3,10,ALL DAY Johnnys,David Johnson,False
2018,4,1,4,9,Antonio Cromarties Kids,Ezekiel Elliott,False
2018,5,1,5,4,Give me the hotdog baby,Antonio Brown,False
2018,6,1,6,7,smirn office,Saquon Barkley,False
2018,7,1,7,8,Behind Blue Ice,Alvin Kamara,False
2018,8,1,8,6,Travis Kelce And the Boys,Aaron Rodgers,False
2018,9,1,9,2,UuHhhh myYyy gICEEE,Odell Beckham Jr.,False
2018,10,1,10,1,Ice In My Veins,DeAndre Hopkins,False
2018,11,2,1,1,Ice In My Veins,Dalvin Cook,False
2018,12,2,2,2,UuHhhh myYyy gICEEE,Melvin Gordon,False
2018,13,2,3,6,Travis Kelce And the Boys,Kareem Hunt,False
2018,14,2,4,8,Behind Blue Ice,Julio Jones,False
2018,15,2,5,7,smirn office,Davante Adams,False
2018,16,2,6,4,Give me the hotdog baby,Keenan Allen,False
2018,17,2,7,9,Antonio Cromarties Kids,Leonard Fournette,False
2018,18,2,8,10,ALL DAY Johnnys,Devonta Freeman,False
2018,19,2,9,3,Jet Fuel Can't Evaporate Ice,Jordan Howard,False
2018,20,2,10,5,the iceman cometh,Mark Ingram II,False
2018,21,3,1,5,the iceman cometh,Dion Lewis,False
2018,22,3,2,3,Jet Fuel Can't Evaporate Ice,A.J. Green,False
2018,23,3,3,10,ALL DAY Johnnys,Michael Thomas,False
2018,24,3,4,9,Antonio Cromarties Kids,Christian McCaffrey,False
2018,25,3,5,4,Give me the hotdog baby,Rob Gronkowski,False
2018,26,3,6,7,smirn office,Travis Kelce,False
2018,27,3,7,8,Behind Blue Ice,Adam Thielen,False
2018,28,3,8,6,Travis Kelce And the Boys,Royce Freeman,False
2018,29,3,9,3,Jet Fuel Can't Evaporate Ice,Amari Cooper,False
2018,30,3,10,1,Ice In My Veins,LeSean McCoy,False
2018,31,4,1,1,Ice In My Veins,Doug Baldwin,False
2018,32,4,2,2,UuHhhh myYyy gICEEE,Stefon Diggs,False
2018,33,4,3,6,Travis Kelce And the Boys,Mike Evans,False
2018,34,4,4,8,Behind Blue Ice,Jerick McKinnon,False
2018,35,4,5,7,smirn office,Joe Mixon,False
2018,36,4,6,4,Give me the hotdog baby,Larry Fitzgerald,False
2018,37,4,7,9,Antonio Cromarties Kids,T.Y. Hilton,False
2018,38,4,8,10,ALL DAY Johnnys,Zach Ertz,False
2018,39,4,9,3,Jet Fuel Can't Evaporate Ice,Marshawn Lynch,False
2018,40,4,10,5,the iceman cometh,Tyreek Hill,False
2018,41,5,1,5,the iceman cometh,Marvin Jones Jr.,False
2018,42,5,2,2,UuHhhh myYyy gICEEE,Alex Collins,False
2018,43,5,3,10,ALL DAY Johnnys,Tom Brady,False
2018,44,5,4,9,Antonio Cromarties Kids,Demaryius Thomas,False
2018,45,5,5,4,Give me the hotdog baby,Kenyan Drake,False
2018,46,5,6,7,smirn office,Chris Hogan,False
2018,47,5,7,8,Behind Blue Ice,Josh Gordon,False
2018,48,5,8,6,Travis Kelce And the Boys,Kirk Cousins,False
2018,49,5,9,2,UuHhhh myYyy gICEEE,Jarvis Landry,False
2018,50,5,10,1,Ice In My Veins,Allen Robinson,False
2018,51,6,1,1,Ice In My Veins,Greg Olsen,False
2018,52,6,2,2,UuHhhh myYyy gICEEE,Rashaad Penny,False
2018,53,6,3,6,Travis Kelce And the Boys,Jordan Reed,False
2018,54,6,4,8,Behind Blue Ice,Carson Wentz,False
2018,55,6,5,7,smirn office,Derrick Henry,False
2018,56,6,6,4,Give me the hotdog baby,Jay Ajayi,False
2018,57,6,7,9,Antonio Cromarties Kids,Golden Tate,False
2018,58,6,8,10,ALL DAY Johnnys,JuJu Smith-Schuster,False
2018,59,6,9,3,Jet Fuel Can't Evaporate Ice,Carlos Hyde,False
2018,60,6,10,5,the iceman cometh,Russell Wilson,False
2018,61,7,1,5,the iceman cometh,Brandin Cooks,False
2018,62,7,2,3,Jet Fuel Can't Evaporate Ice,Jimmy Graham,False
2018,63,7,3,10,ALL DAY Johnnys,Lamar Miller,False
2018,64,7,4,9,Antonio Cromarties Kids,Alshon Jeffery,False
2018,65,7,5,4,Give me the hotdog baby,Robert Woods,False
2018,66,7,6,7,smirn office,Pierre Garcon,False
2018,67,7,7,8,Behind Blue Ice,Corey Davis,False
2018,68,7,8,6,Travis Kelce And the Boys,Michael Crabtree,False
2018,69,7,9,2,UuHhhh myYyy gICEEE,Cam Newton,False
2018,70,7,10,1,Ice In My Veins,Tevin Coleman,False
2018,71,8,1,1,Ice In My Veins,Deshaun Watson,False
2018,72,8,2,2,UuHhhh myYyy gICEEE,Evan Engram,False
2018,73,8,3,6,Travis Kelce And the Boys,Duke Johnson Jr.,False
2018,74,8,4,8,Behind Blue Ice,Rex Burkhead,False
2018,75,8,5,7,smirn office,Drew Brees,False
2018,76,8,6,4,Give me the hotdog baby,Emmanuel Sanders,False
2018,77,8,7,9,Antonio Cromarties Kids,Delanie Walker,False
2018,78,8,8,10,ALL DAY Johnnys,Sammy Watkins,False
2018,79,8,9,3,Jet Fuel Can't Evaporate Ice,Randall Cobb,False
2018,80,8,10,5,the iceman cometh,Jaguars D/ST,False
2018,81,9,1,5,the iceman cometh,Kyle Rudolph,False
2018,82,9,2,3,Jet Fuel Can't Evaporate Ice,Kerryon Johnson,False
2018,83,9,3,10,ALL DAY Johnnys,Will Fuller V,False
2018,84,9,4,9,Antonio Cromarties Kids,Isaiah Crowell,False
2018,85,9,5,4,Give me the hotdog baby,Marquise Goodwin,False
2018,86,9,6,7,smirn office,Tarik Cohen,False
2018,87,9,7,8,Behind Blue Ice,Cooper Kupp,False
2018,88,9,8,6,Travis Kelce And the Boys,Eagles D/ST,False
2018,89,9,9,2,UuHhhh myYyy gICEEE,Devin Funchess,False
2018,90,9,10,1,Ice In My Veins,Chris Carson,False
2018,91,10,1,1,Ice In My Veins,Jamaal Williams,False
2018,92,10,2,2,UuHhhh myYyy gICEEE,Chris Thompson,False
2018,93,10,3,6,Travis Kelce And the Boys,Stephen Gostkowski,False
2018,94,10,4,8,Behind Blue Ice,Marlon Mack,False
2018,95,10,5,7,smirn office,Jordy Nelson,False
2018,96,10,6,4,Give me the hotdog baby,Andrew Luck,False
2018,97,10,7,9,Antonio Cromarties Kids,Robby Anderson,False
2018,98,10,8,10,ALL DAY Johnnys,Adrian Peterson,False
2018,99,10,9,3,Jet Fuel Can't Evaporate Ice,Julian Edelman,False
2018,100,10,10,5,the iceman cometh,Peyton Barber,False
2018,101,11,1,5,the iceman cometh,Mohamed Sanu,False
2018,102,11,2,3,Jet Fuel Can't Evaporate Ice,Keelan Cole,False
2018,103,11,3,10,ALL DAY Johnnys,Sterling Shepard,False
2018,104,11,4,9,Antonio Cromarties Kids,Jamison Crowder,False
2018,105,11,5,4,Give me the hotdog baby,Ronald Jones,False
2018,106,11,6,7,smirn office,Jack Doyle,False
2018,107,11,7,8,Behind Blue Ice,Kenny Stills,False
2018,108,11,8,6,Travis Kelce And the Boys,Josh Doctson,False
2018,109,11,9,2,UuHhhh myYyy gICEEE,Rams D/ST,False
2018,110,11,10,1,Ice In My Veins,Nelson Agholor,False
2018,111,12,1,1,Ice In My Veins,Kelvin Benjamin,False
2018,112,12,2,2,UuHhhh myYyy gICEEE,Paul Richardson,False
2018,113,12,3,6,Travis Kelce And the Boys,Trey Burton,False
2018,114,12,4,8,Behind Blue Ice,John Ross,False
2018,115,12,5,7,smirn office,Ravens D/ST,False
2018,116,12,6,4,Give me the hotdog baby,DeVante Parker,False
2018,117,12,7,9,Antonio Cromarties Kids,Sony Michel,False
2018,118,12,8,10,ALL DAY Johnnys,David Njoku,False
2018,119,12,9,3,Jet Fuel Can't Evaporate Ice,Tyler Eifert,False
2018,120,12,10,5,the iceman cometh,Allen Hurns,False
2018,121,13,1,5,the iceman cometh,Aaron Jones,False
2018,122,13,2,3,Jet Fuel Can't Evaporate Ice,Ben Roethlisberger,False
2018,123,13,3,10,ALL DAY Johnnys,James White,False
2018,124,13,4,9,Antonio Cromarties Kids,Kenny Golladay,False
2018,125,13,5,4,Give me the hotdog baby,Cameron Meredith,False
2018,126,13,6,7,smirn office,Jimmy Garoppolo,False
2018,127,13,7,8,Behind Blue Ice,Matt Ryan,False
2018,128,13,8,6,Travis Kelce And the Boys,Ty Montgomery,False
2018,129,13,9,2,UuHhhh myYyy gICEEE,Patrick Mahomes,False
2018,130,13,10,1,Ice In My Veins,Taywan Taylor,False
2018,131,14,1,1,Ice In My Veins,Mike Williams,False
2018,132,14,2,2,UuHhhh myYyy gICEEE,Greg Zuerlein,False
2018,133,14,3,6,Travis Kelce And the Boys,DeSean Jackson,False
2018,134,14,4,8,Behind Blue Ice,O.J. Howard,False
2018,135,14,5,7,smirn office,Justin Tucker,False
2018,136,14,6,4,Give me the hotdog baby,Giovani Bernard,False
2018,137,14,7,9,Antonio Cromarties Kids,Matthew Stafford,False
2018,138,14,8,10,ALL DAY Johnnys,Dak Prescott,False
2018,139,14,9,3,Jet Fuel Can't Evaporate Ice,Tyrod Taylor,False
2018,140,14,10,5,the iceman cometh,Danny Amendola,False
2018,141,15,1,5,the iceman cometh,Philip Rivers,False
2018,142,15,2,3,Jet Fuel Can't Evaporate Ice,Saints D/ST,False
2018,143,15,3,10,ALL DAY Johnnys,Vikings D/ST,False
2018,144,15,4,9,Antonio Cromarties Kids,Texans D/ST,False
2018,145,15,5,4,Give me the hotdog baby,Patriots D/ST,False
2018,146,15,6,7,smirn office,Matt Bryant,False
2018,147,15,7,8,Behind Blue Ice,Broncos D/ST,False
2018,148,15,8,6,Travis Kelce And the Boys,Charles Clay,False
2018,149,15,9,2,UuHhhh myYyy gICEEE,Devontae Booker,False
2018,150,15,10,1,Ice In My Veins,Wil Lutz,False
2018,151,16,1,1,Ice In My Veins,Titans D/ST,False
2018,152,16,2,2,UuHhhh myYyy gICEEE,Austin Seferian-Jenkins,False
2018,153,16,3,6,Travis Kelce And the Boys,Tyler Lockett,False
2018,154,16,4,8,Behind Blue Ice,Chris Boswell,False
2018,155,16,5,7,smirn office,Trey Quinn,False
2018,156,16,6,4,Give me the hotdog baby,Robbie Gould,False
2018,157,16,7,9,Antonio Cromarties Kids,Jake Elliott,False
2018,158,16,8,10,ALL DAY Johnnys,Matt Prater,False
2018,159,16,9,3,Jet Fuel Can't Evaporate Ice,Dan Bailey,False
2018,160,16,10,5,the iceman cometh,Harrison Butker,False
2019,1,1,1,5,No One is Above The Claw,Todd Gurley II,True
2019,2,1,2,6,Monday Night CLAW,Nick Chubb,True
2019,3,1,3,9,Mr. Krab's Klaws,Christian McCaffrey,True
2019,4,1,4,3,Jet Fuel Can't Melt White Claw,Le'Veon Bell,False
2019,5,1,5,1,Luck of  The Claw,DeAndre Hopkins,True
2019,6,1,6,8,Morty! I'm White Claw Rick,David Johnson,False
2019,7,1,7,10,ALL DAY Johnnys,Ezekiel Elliott,False
2019,8,1,8,7,Black Claws matter,Saquon Barkley,True
2019,9,1,9,4,Give me the hotdog baby,Tyreek Hill,False
2019,10,1,10,2,Claw and Order Spec Seltz Unit,Alvin Kamara,True
2019,11,2,1,5,No One is Above The Claw,James Conner,False
2019,12,2,2,6,Monday Night CLAW,Joe Mixon,False
2019,13,2,3,9,Mr. Krab's Klaws,Odell Beckham Jr.,False
2019,14,2,4,3,Jet Fuel Can't Melt White Claw,Julio Jones,False
2019,15,2,5,1,Luck of  The Claw,Dalvin Cook,False
2019,16,2,6,8,Morty! I'm White Claw Rick,Derrick Henry,False
2019,17,2,7,10,ALL DAY Johnnys,Michael Thomas,False
2019,18,2,8,7,Black Claws matter,Davante Adams,False
2019,19,2,9,4,Give me the hotdog baby,JuJu Smith-Schuster,False
2019,20,2,10,2,Claw and Order Spec Seltz Unit,Mike Evans,False
2019,21,3,1,2,Claw and Order Spec Seltz Unit,Chris Carson,False
2019,22,3,2,4,Give me the hotdog baby,Melvin Gordon,False
2019,23,3,3,7,Black Claws matter,Devonta Freeman,False
2019,24,3,4,10,ALL DAY Johnnys,Antonio Brown,False
2019,25,3,5,8,Morty! I'm White Claw Rick,Amari Cooper,False
2019,26,3,6,1,Luck of  The Claw,Kerryon Johnson,False
2019,27,3,7,3,Jet Fuel Can't Melt White Claw,Josh Jacobs,False
2019,28,3,8,9,Mr. Krab's Klaws,Travis Kelce,False
2019,29,3,9,6,Monday Night CLAW,Keenan Allen,False
2019,30,3,10,5,No One is Above The Claw,Brandin Cooks,False
2019,31,4,1,5,No One is Above The Claw,Adam Thielen,False
2019,32,4,2,6,Monday Night CLAW,Tyler Lockett,False
2019,33,4,3,9,Mr. Krab's Klaws,George Kittle,False
2019,34,4,4,3,Jet Fuel Can't Melt White Claw,Leonard Fournette,False
2019,35,4,5,1,Luck of  The Claw,Robert Woods,False
2019,36,4,6,8,Morty! I'm White Claw Rick,Stefon Diggs,False
2019,37,4,7,10,ALL DAY Johnnys,Patrick Mahomes,False
2019,38,4,8,7,Black Claws matter,Julian Edelman,False
2019,39,4,9,4,Give me the hotdog baby,Phillip Lindsay,False
2019,40,4,10,2,Claw and Order Spec Seltz Unit,Sony Michel,False
2019,41,5,1,2,Claw and Order Spec Seltz Unit,Cooper Kupp,False
2019,42,5,2,4,Give me the hotdog baby,Alshon Jeffery,False
2019,43,5,3,7,Black Claws matter,Zach Ertz,False
2019,44,5,4,10,ALL DAY Johnnys,Aaron Jones,False
2019,45,5,5,8,Morty! I'm White Claw Rick,Marlon Mack,False
2019,46,5,6,1,Luck of  The Claw,Damien Williams,False
2019,47,5,7,3,Jet Fuel Can't Melt White Claw,Chris Godwin,False
2019,48,5,8,9,Mr. Krab's Klaws,Kenny Golladay,False
2019,49,5,9,6,Monday Night CLAW,Deshaun Watson,False
2019,50,5,10,5,No One is Above The Claw,David Montgomery,False
2019,51,6,1,5,No One is Above The Claw,Mike Williams,False
2019,52,6,2,6,Monday Night CLAW,Evan Engram,False
2019,53,6,3,9,Mr. Krab's Klaws,Mark Ingram II,False
2019,54,6,4,3,Jet Fuel Can't Melt White Claw,Josh Gordon,False
2019,55,6,5,1,Luck of  The Claw,Calvin Ridley,False
2019,56,6,6,8,Morty! I'm White Claw Rick,Austin Ekeler,False
2019,57,6,7,10,ALL DAY Johnnys,James White,False
2019,58,6,8,7,Black Claws matter,Vance McDonald,False
2019,59,6,9,4,Give me the hotdog baby,DJ Moore,False
2019,60,6,10,2,Claw and Order Spec Seltz Unit,Sammy Watkins,False
2019,61,7,1,2,Claw and Order Spec Seltz Unit,O.J. Howard,False
2019,62,7,2,4,Give me the hotdog baby,Kenyan Drake,False
2019,63,7,3,7,Black Claws matter,T.Y. Hilton,False
2019,64,7,4,10,ALL DAY Johnnys,Tarik Cohen,False
2019,65,7,5,8,Morty! I'm White Claw Rick,Jared Cook,False
2019,66,7,6,1,Luck of  The Claw,Duke Johnson,False
2019,67,7,7,3,Jet Fuel Can't Melt White Claw,Miles Sanders,False
2019,68,7,8,9,Mr. Krab's Klaws,Matt Ryan,False
2019,69,7,9,6,Monday Night CLAW,Derrius Guice,False
2019,70,7,10,5,No One is Above The Claw,Aaron Rodgers,False
2019,71,8,1,5,No One is Above The Claw,A.J. Green,False
2019,72,8,2,6,Monday Night CLAW,Baker Mayfield,False
2019,73,8,3,9,Mr. Krab's Klaws,Tyler Boyd,False
2019,74,8,4,3,Jet Fuel Can't Melt White Claw,Robby Anderson,False
2019,75,8,5,1,Luck of  The Claw,Dede Westbrook,False
2019,76,8,6,8,Morty! I'm White Claw Rick,Sterling Shepard,False
2019,77,8,7,10,ALL DAY Johnnys,Jarvis Landry,False
2019,78,8,8,7,Black Claws matter,LeSean McCoy,False
2019,79,8,9,4,Give me the hotdog baby,Cam Newton,False
2019,80,8,10,2,Claw and Order Spec Seltz Unit,Marvin Jones Jr.,False
2019,81,9,1,2,Claw and Order Spec Seltz Unit,Carson Wentz,False
2019,82,9,2,4,Give me the hotdog baby,Tevin Coleman,False
2019,83,9,3,7,Black Claws matter,Drew Brees,False
2019,84,9,4,10,ALL DAY Johnnys,Hunter Henry,False
2019,85,9,5,8,Morty! I'm White Claw Rick,Jared Goff,False
2019,86,9,6,1,Luck of  The Claw,Will Fuller V,False
2019,87,9,7,3,Jet Fuel Can't Melt White Claw,Lamar Jackson,False
2019,88,9,8,9,Mr. Krab's Klaws,Allen Robinson II,False
2019,89,9,9,6,Monday Night CLAW,Curtis Samuel,False
2019,90,9,10,5,No One is Above The Claw,Royce Freeman,False
2019,91,10,1,5,No One is Above The Claw,Bears D/ST,False
2019,92,10,2,6,Monday Night CLAW,Austin Hooper,False
2019,93,10,3,9,Mr. Krab's Klaws,Greg Zuerlein,False
2019,94,10,4,3,Jet Fuel Can't Melt White Claw,Matt Breida,False
2019,95,10,5,1,Luck of  The Claw,Delanie Walker,False
2019,96,10,6,8,Morty! I'm White Claw Rick,Christian Kirk,False
2019,97,10,7,10,ALL DAY Johnnys,Emmanuel Sanders,False
2019,98,10,8,7,Black Claws matter,Peyton Barber,False
2019,99,10,9,4,Give me the hotdog baby,Jordan Reed,False
2019,100,10,10,2,Claw and Order Spec Seltz Unit,Darrell Henderson Jr.,False
2019,101,11,1,2,Claw and Order Spec Seltz Unit,Bills D/ST,False
2019,102,11,2,4,Give me the hotdog baby,Justin Tucker,False
2019,103,11,3,7,Black Claws matter,Harrison Butker,False
2019,104,11,4,10,ALL DAY Johnnys,Rams D/ST,False
2019,105,11,5,8,Morty! I'm White Claw Rick,Russell Wilson,False
2019,106,11,6,1,Luck of  The Claw,Ben Roethlisberger,False
2019,107,11,7,3,Jet Fuel Can't Melt White Claw,David Njoku,False
2019,108,11,8,9,Mr. Krab's Klaws,Jaguars D/ST,False
2019,109,11,9,6,Monday Night CLAW,Stephen Gostkowski,False
2019,110,11,10,5,No One is Above The Claw,Jimmy Graham,False
2019,111,12,1,5,No One is Above The Claw,Tom Brady,False
2019,112,12,2,6,Monday Night CLAW,Vikings D/ST,False
2019,113,12,3,9,Mr. Krab's Klaws,Rashaad Penny,False
2019,114,12,4,3,Jet Fuel Can't Melt White Claw,DeSean Jackson,False
2019,115,12,5,1,Luck of  The Claw,Jordan Howard,False
2019,116,12,6,8,Morty! I'm White Claw Rick,Latavius Murray,False
2019,117,12,7,10,ALL DAY Johnnys,Kyler Murray,False
2019,118,12,8,7,Black Claws matter,Ravens D/ST,False
2019,119,12,9,4,Give me the hotdog baby,Courtland Sutton,False
2019,120,12,10,2,Claw and Order Spec Seltz Unit,Robbie Gould,False
2019,121,13,1,2,Claw and Order Spec Seltz Unit,Tony Pollard,False
2019,122,13,2,4,Give me the hotdog baby,Dak Prescott,False
2019,123,13,3,7,Black Claws matter,Jimmy Garoppolo,False
2019,124,13,4,10,ALL DAY Johnnys,Nyheim Hines,False
2019,125,13,5,8,Morty! I'm White Claw Rick,Browns D/ST,False
2019,126,13,6,1,Luck of  The Claw,Darwin Thompson,False
2019,127,13,7,3,Jet Fuel Can't Melt White Claw,Justin Jackson,False
2019,128,13,8,9,Mr. Krab's Klaws,Larry Fitzgerald,False
2019,129,13,9,6,Monday Night CLAW,Michael Gallup,False
2019,130,13,10,5,No One is Above The Claw,Jamison Crowder,False
2019,131,14,1,5,No One is Above The Claw,Kareem Hunt,False
2019,132,14,2,6,Monday Night CLAW,Kalen Ballage,False
2019,133,14,3,9,Mr. Krab's Klaws,Philip Rivers,False
2019,134,14,4,3,Jet Fuel Can't Melt White Claw,Josh Allen,False
2019,135,14,5,1,Luck of  The Claw,Broncos D/ST,False
2019,136,14,6,8,Morty! I'm White Claw Rick,Jamaal Williams,False
2019,137,14,7,10,ALL DAY Johnnys,Eric Ebron,False
2019,138,14,8,7,Black Claws matter,Dante Pettis,False
2019,139,14,9,4,Give me the hotdog baby,Donte Moncrief,False
2019,140,14,10,2,Claw and Order Spec Seltz Unit,Adrian Peterson,False
2019,141,15,1,2,Claw and Order Spec Seltz Unit,DK Metcalf,False
2019,142,15,2,4,Give me the hotdog baby,Devin Singletary,False
2019,143,15,3,7,Black Claws matter,Chargers D/ST,False
2019,144,15,4,10,ALL DAY Johnnys,Wil Lutz,False
2019,145,15,5,8,Morty! I'm White Claw Rick,Tyrell Williams,False
2019,146,15,6,1,Luck of  The Claw,Jameis Winston,False
2019,147,15,7,3,Jet Fuel Can't Melt White Claw,Eagles D/ST,False
2019,148,15,8,9,Mr. Krab's Klaws,James Washington,False
2019,149,15,9,6,Monday Night CLAW,Greg Olsen,False
2019,150,15,10,5,No One is Above The Claw,Trey Burton,False
2019,151,16,1,5,No One is Above The Claw,Ka'imi Fairbairn,False
2019,152,16,2,6,Monday Night CLAW,Corey Davis,False
2019,153,16,3,9,Mr. Krab's Klaws,Saints D/ST,False
2019,154,16,4,3,Jet Fuel Can't Melt White Claw,Jake Elliott,False
2019,155,16,5,1,Luck of  The Claw,Austin Seibert,False
2019,156,16,6,8,Morty! I'm White Claw Rick,Matt Prater,False
2019,157,16,7,10,ALL DAY Johnnys,Geronimo Allison,False
2019,158,16,8,7,Black Claws matter,Marquez Valdes-Scantling,False
2019,159,16,9,4,Give me the hotdog baby,Panthers D/ST,False
2019,160,16,10,2,Claw and Order Spec Seltz Unit,Kirk Cousins,False
2020,1,1,1,1,Beirut Explosiv Runners,Ezekiel Elliott,False
2020,2,1,2,9,Killer Hornets,Christian McCaffrey,True
2020,3,1,3,3,Jet Fuel Can't Melt Ole Rona,Josh Jacobs,True
2020,4,1,4,8,Billy Joel's Fire Starters,Derrick Henry,True
2020,5,1,5,5,Drew Bree's Race War,Dalvin Cook,False
2020,6,1,6,2,"Red, White, and COVID Positive",Alvin Kamara,True
2020,7,1,7,10,ALL DAY Johnnys,Michael Thomas,False
2020,8,1,8,7,Preexisting  Condition,Saquon Barkley,True
2020,9,1,9,6,Coavoid Johnny,Clyde Edwards-Helaire,False
2020,10,1,10,4,PDX Peaceful Protesters,Nick Chubb,False
2020,11,2,1,1,Beirut Explosiv Runners,Davante Adams,False
2020,12,2,2,9,Killer Hornets,Miles Sanders,False
2020,13,2,3,3,Jet Fuel Can't Melt Ole Rona,Joe Mixon,False
2020,14,2,4,8,Billy Joel's Fire Starters,Chris Carson,False
2020,15,2,5,5,Drew Bree's Race War,Aaron Jones,False
2020,16,2,6,2,"Red, White, and COVID Positive",Austin Ekeler,False
2020,17,2,7,10,ALL DAY Johnnys,Kenyan Drake,False
2020,18,2,8,7,Preexisting  Condition,Julio Jones,False
2020,19,2,9,6,Coavoid Johnny,James Conner,False
2020,20,2,10,4,PDX Peaceful Protesters,Tyreek Hill,False
2020,21,3,1,4,PDX Peaceful Protesters,George Kittle,False
2020,22,3,2,6,Coavoid Johnny,Mike Evans,False
2020,23,3,3,7,Preexisting  Condition,Travis Kelce,False
2020,24,3,4,10,ALL DAY Johnnys,Patrick Mahomes,False
2020,25,3,5,2,"Red, White, and COVID Positive",DeAndre Hopkins,False
2020,26,3,6,5,Drew Bree's Race War,Chris Godwin,False
2020,27,3,7,8,Billy Joel's Fire Starters,Amari Cooper,False
2020,28,3,8,3,Jet Fuel Can't Melt Ole Rona,Lamar Jackson,False
2020,29,3,9,9,Killer Hornets,Kenny Golladay,False
2020,30,3,10,1,Beirut Explosiv Runners,Adam Thielen,False
2020,31,4,1,1,Beirut Explosiv Runners,Melvin Gordon III,False
2020,32,4,2,9,Killer Hornets,DJ Moore,False
2020,33,4,3,3,Jet Fuel Can't Melt Ole Rona,Odell Beckham Jr.,False
2020,34,4,4,8,Billy Joel's Fire Starters,Todd Gurley II,False
2020,35,4,5,5,Drew Bree's Race War,JuJu Smith-Schuster,False
2020,36,4,6,2,"Red, White, and COVID Positive",Jonathan Taylor,False
2020,37,4,7,10,ALL DAY Johnnys,Zach Ertz,False
2020,38,4,8,7,Preexisting  Condition,A.J. Brown,False
2020,39,4,9,6,Coavoid Johnny,Mark Andrews,False
2020,40,4,10,4,PDX Peaceful Protesters,Cooper Kupp,False
2020,41,5,1,4,PDX Peaceful Protesters,David Johnson,False
2020,42,5,2,6,Coavoid Johnny,DK Metcalf,False
2020,43,5,3,7,Preexisting  Condition,Terry McLaurin,False
2020,44,5,4,10,ALL DAY Johnnys,Le'Veon Bell,False
2020,45,5,5,2,"Red, White, and COVID Positive",Tyler Lockett,False
2020,46,5,6,5,Drew Bree's Race War,Cam Akers,False
2020,47,5,7,8,Billy Joel's Fire Starters,Allen Robinson II,False
2020,48,5,8,3,Jet Fuel Can't Melt Ole Rona,Calvin Ridley,False
2020,49,5,9,9,Killer Hornets,Darren Waller,False
2020,50,5,10,1,Beirut Explosiv Runners,Robert Woods,False
2020,51,6,1,1,Beirut Explosiv Runners,Mark Ingram II,False
2020,52,6,2,9,Killer Hornets,Deshaun Watson,False
2020,53,6,3,3,Jet Fuel Can't Melt Ole Rona,Raheem Mostert,False
2020,54,6,4,8,Billy Joel's Fire Starters,Evan Engram,False
2020,55,6,5,5,Drew Bree's Race War,Devin Singletary,False
2020,56,6,6,2,"Red, White, and COVID Positive",DJ Chark Jr.,False
2020,57,6,7,10,ALL DAY Johnnys,Courtland Sutton,False
2020,58,6,8,7,Preexisting  Condition,Antonio Gibson,False
2020,59,6,9,6,Coavoid Johnny,Russell Wilson,False
2020,60,6,10,4,PDX Peaceful Protesters,Will Fuller V,False
2020,61,7,1,4,PDX Peaceful Protesters,David Montgomery,False
2020,62,7,2,6,Coavoid Johnny,Michael Gallup,False
2020,63,7,3,7,Preexisting  Condition,Kareem Hunt,False
2020,64,7,4,10,ALL DAY Johnnys,Keenan Allen,False
2020,65,7,5,2,"Red, White, and COVID Positive",Marquise Brown,False
2020,66,7,6,5,Drew Bree's Race War,T.Y. Hilton,False
2020,67,7,7,8,Billy Joel's Fire Starters,Jarvis Landry,False
2020,68,7,8,3,Jet Fuel Can't Melt Ole Rona,DeVante Parker,False
2020,69,7,9,9,Killer Hornets,A.J. Green,False
2020,70,7,10,1,Beirut Explosiv Runners,Kyler Murray,False
2020,71,8,1,1,Beirut Explosiv Runners,D'Andre Swift,False
2020,72,8,2,9,Killer Hornets,Justin Tucker,False
2020,73,8,3,3,Jet Fuel Can't Melt Ole Rona,Chris Thompson,False
2020,74,8,4,8,Billy Joel's Fire Starters,Josh Allen,False
2020,75,8,5,5,Drew Bree's Race War,Dak Prescott,False
2020,76,8,6,2,"Red, White, and COVID Positive",Tyler Higbee,False
2020,77,8,7,10,ALL DAY Johnnys,Rob Gronkowski,False
2020,78,8,8,7,Preexisting  Condition,Marvin Jones Jr.,False
2020,79,8,9,6,Coavoid Johnny,Ronald Jones II,False
2020,80,8,10,4,PDX Peaceful Protesters,Julian Edelman,False
2020,81,9,1,4,PDX Peaceful Protesters,Tom Brady,False
2020,82,9,2,6,Coavoid Johnny,Tyler Boyd,False
2020,83,9,3,7,Preexisting  Condition,Sterling Shepard,False
2020,84,9,4,10,ALL DAY Johnnys,Leonard Fournette,False
2020,85,9,5,2,"Red, White, and COVID Positive",Stefon Diggs,False
2020,86,9,6,5,Drew Bree's Race War,James White,False
2020,87,9,7,8,Billy Joel's Fire Starters,Brandin Cooks,False
2020,88,9,8,3,Jet Fuel Can't Melt Ole Rona,Deebo Samuel,False
2020,89,9,9,9,Killer Hornets,Phillip Lindsay,False
2020,90,9,10,1,Beirut Explosiv Runners,Hayden Hurst,False
2020,91,10,1,1,Beirut Explosiv Runners,Christian Kirk,False
2020,92,10,2,9,Killer Hornets,Golden Tate,False
2020,93,10,3,3,Jet Fuel Can't Melt Ole Rona,Jared Cook,False
2020,94,10,4,8,Billy Joel's Fire Starters,Jamison Crowder,False
2020,95,10,5,5,Drew Bree's Race War,Kerryon Johnson,False
2020,96,10,6,2,"Red, White, and COVID Positive",Cam Newton,False
2020,97,10,7,10,ALL DAY Johnnys,Tarik Cohen,False
2020,98,10,8,7,Preexisting  Condition,Jordan Howard,False
2020,99,10,9,6,Coavoid Johnny,Matt Ryan,False
2020,100,10,10,4,PDX Peaceful Protesters,Latavius Murray,False
2020,101,11,1,4,PDX Peaceful Protesters,Hunter Henry,False
2020,102,11,2,6,Coavoid Johnny,Matt Breida,False
2020,103,11,3,7,Preexisting  Condition,Diontae Johnson,False
2020,104,11,4,10,ALL DAY Johnnys,Henry Ruggs III,False
2020,105,11,5,2,"Red, White, and COVID Positive",Harrison Butker,False
2020,106,11,6,5,Drew Bree's Race War,Robby Anderson,False
2020,107,11,7,8,Billy Joel's Fire Starters,Zack Moss,False
2020,108,11,8,3,Jet Fuel Can't Melt Ole Rona,J.K. Dobbins,False
2020,109,11,9,9,Killer Hornets,Darius Slayton,False
2020,110,11,10,1,Beirut Explosiv Runners,Tevin Coleman,False
2020,111,12,1,1,Beirut Explosiv Runners,Emmanuel Sanders,False
2020,112,12,2,9,Killer Hornets,Jerry Jeudy,False
2020,113,12,3,3,Jet Fuel Can't Melt Ole Rona,DeSean Jackson,False
2020,114,12,4,8,Billy Joel's Fire Starters,Marlon Mack,False
2020,115,12,5,5,Drew Bree's Race War,Drew Brees,False
2020,116,12,6,2,"Red, White, and COVID Positive",49ers D/ST,False
2020,117,12,7,10,ALL DAY Johnnys,Steelers D/ST,False
2020,118,12,8,7,Preexisting  Condition,Mike Williams,False
2020,119,12,9,6,Coavoid Johnny,Noah Fant,False
2020,120,12,10,4,PDX Peaceful Protesters,CeeDee Lamb,False
2020,121,13,1,4,PDX Peaceful Protesters,Wil Lutz,False
2020,122,13,2,6,Coavoid Johnny,John Brown,False
2020,123,13,3,7,Preexisting  Condition,Carson Wentz,False
2020,124,13,4,10,ALL DAY Johnnys,Matt Prater,False
2020,125,13,5,2,"Red, White, and COVID Positive",Aaron Rodgers,False
2020,126,13,6,5,Drew Bree's Race War,Patriots D/ST,False
2020,127,13,7,8,Billy Joel's Fire Starters,Ravens D/ST,False
2020,128,13,8,3,Jet Fuel Can't Melt Ole Rona,Bills D/ST,False
2020,129,13,9,9,Killer Hornets,Colts D/ST,False
2020,130,13,10,1,Beirut Explosiv Runners,Bears D/ST,False
2020,131,14,1,1,Beirut Explosiv Runners,Greg Zuerlein,False
2020,132,14,2,9,Killer Hornets,Matthew Stafford,False
2020,133,14,3,3,Jet Fuel Can't Melt Ole Rona,Mike Gesicki,False
2020,134,14,4,8,Billy Joel's Fire Starters,N'Keal Harry,False
2020,135,14,5,5,Drew Bree's Race War,Mecole Hardman,False
2020,136,14,6,2,"Red, White, and COVID Positive",Blake Jarwin,False
2020,137,14,7,10,ALL DAY Johnnys,Daniel Jones,False
2020,138,14,8,7,Preexisting  Condition,Robbie Gould,False
2020,139,14,9,6,Coavoid Johnny,Preston Williams,False
2020,140,14,10,4,PDX Peaceful Protesters,Vikings D/ST,False
2020,141,15,1,4,PDX Peaceful Protesters,Jimmy Garoppolo,False
2020,142,15,2,6,Coavoid Johnny,Broncos D/ST,False
2020,143,15,3,7,Preexisting  Condition,Eagles D/ST,False
2020,144,15,4,10,ALL DAY Johnnys,Saints D/ST,False
2020,145,15,5,2,"Red, White, and COVID Positive",Alexander Mattison,False
2020,146,15,6,5,Drew Bree's Race War,Austin Hooper,False
2020,147,15,7,8,Billy Joel's Fire Starters,Duke Johnson,False
2020,148,15,8,3,Jet Fuel Can't Melt Ole Rona,Adrian Peterson,False
2020,149,15,9,9,Killer Hornets,Jalen Reagor,False
2020,150,15,10,1,Beirut Explosiv Runners,Jack Doyle,False
2020,151,16,1,1,Beirut Explosiv Runners,Breshad Perriman,False
2020,152,16,2,9,Killer Hornets,Darrell Henderson Jr.,False
2020,153,16,3,3,Jet Fuel Can't Melt Ole Rona,Younghoe Koo,False
2020,154,16,4,8,Billy Joel's Fire Starters,Rodrigo Blankenship,False
2020,155,16,5,5,Drew Bree's Race War,Chris Boswell,False
2020,156,16,6,2,"Red, White, and COVID Positive",Antonio Brown,False
2020,157,16,7,10,ALL DAY Johnnys,Johnny Mundt,False
2020,158,16,8,7,Preexisting  Condition,Damien Harris,False
2020,159,16,9,6,Coavoid Johnny,Zane Gonzalez,False
2020,160,16,10,4,PDX Peaceful Protesters,Larry Fitzgerald,False
2021,1,1,1,10,Fishing for The Ship Year,Saquon Barkley,False
2021,2,1,2,8,Last of Kylers Privateers,Joe Mixon,False
2021,3,1,3,7,Tuesday Night  Wellerman Calls,Nick Chubb,False
2021,4,1,4,4,Leave Her Johnny,Dalvin Cook,False
2021,5,1,5,5,Raft Punk With a Chicken,Alvin Kamara,False
2021,6,1,6,1,Ye Johnny on a Winner's Boat,Ezekiel Elliott,False
2021,7,1,7,9,DJ's Locker Flying Dutchmen,Derrick Henry,False
2021,8,1,8,6,CMC Shanties,Christian McCaffrey,False
2021,9,1,9,2,WhatWillWeDoWit ATinChicken!,Aaron Jones,False
2021,10,1,10,3,Ball away  Joe,Jonathan Taylor,False
2021,11,2,1,3,Ball away  Joe,Davante Adams,False
2021,12,2,2,2,WhatWillWeDoWit ATinChicken!,Najee Harris,False
2021,13,2,3,6,CMC Shanties,Clyde Edwards-Helaire,False
2021,14,2,4,9,DJ's Locker Flying Dutchmen,DK Metcalf,False
2021,15,2,5,1,Ye Johnny on a Winner's Boat,Antonio Gibson,False
2021,16,2,6,5,Raft Punk With a Chicken,Stefon Diggs,False
2021,17,2,7,4,Leave Her Johnny,Josh Jacobs,False
2021,18,2,8,7,Tuesday Night  Wellerman Calls,Travis Kelce,False
2021,19,2,9,8,Last of Kylers Privateers,Austin Ekeler,False
2021,20,2,10,10,Fishing for The Ship Year,Tyreek Hill,False
2021,21,3,1,10,Fishing for The Ship Year,Patrick Mahomes,False
2021,22,3,2,8,Last of Kylers Privateers,Mike Evans,False
2021,23,3,3,7,Tuesday Night  Wellerman Calls,David Montgomery,False
2021,24,3,4,4,Leave Her Johnny,DeAndre Hopkins,False
2021,25,3,5,5,Raft Punk With a Chicken,Calvin Ridley,False
2021,26,3,6,1,Ye Johnny on a Winner's Boat,A.J. Brown,False
2021,27,3,7,9,DJ's Locker Flying Dutchmen,Justin Jefferson,False
2021,28,3,8,6,CMC Shanties,Terry McLaurin,False
2021,29,3,9,2,WhatWillWeDoWit ATinChicken!,CeeDee Lamb,False
2021,30,3,10,3,Ball away  Joe,Kareem Hunt,False
2021,31,4,1,3,Ball away  Joe,George Kittle,False
2021,32,4,2,2,WhatWillWeDoWit ATinChicken!,Darren Waller,False
2021,33,4,3,6,CMC Shanties,Tyler Lockett,False
2021,34,4,4,9,DJ's Locker Flying Dutchmen,Robert Woods,False
2021,35,4,5,1,Ye Johnny on a Winner's Boat,Allen Robinson II,False
2021,36,4,6,5,Raft Punk With a Chicken,James Robinson,False
2021,37,4,7,4,Leave Her Johnny,Myles Gaskin,False
2021,38,4,8,7,Tuesday Night  Wellerman Calls,D'Andre Swift,False
2021,39,4,9,8,Last of Kylers Privateers,Keenan Allen,False
2021,40,4,10,10,Fishing for The Ship Year,Chris Carson,False
2021,41,5,1,10,Fishing for The Ship Year,Miles Sanders,False
2021,42,5,2,8,Last of Kylers Privateers,Brandon Aiyuk,False
2021,43,5,3,7,Tuesday Night  Wellerman Calls,DJ Moore,False
2021,44,5,4,4,Leave Her Johnny,Michael Thomas,False
2021,45,5,5,5,Raft Punk With a Chicken,Gus Edwards,False
2021,46,5,6,1,Ye Johnny on a Winner's Boat,Damien Harris,False
2021,47,5,7,9,DJ's Locker Flying Dutchmen,Josh Allen,False
2021,48,5,8,6,CMC Shanties,Kyle Pitts,False
2021,49,5,9,2,WhatWillWeDoWit ATinChicken!,Chris Godwin,False
2021,50,5,10,3,Ball away  Joe,Cooper Kupp,False
2021,51,6,1,3,Ball away  Joe,Leonard Fournette,False
2021,52,6,2,2,WhatWillWeDoWit ATinChicken!,Raheem Mostert,False
2021,53,6,3,6,CMC Shanties,Jerry Jeudy,False
2021,54,6,4,9,DJ's Locker Flying Dutchmen,Mark Andrews,False
2021,55,6,5,1,Ye Johnny on a Winner's Boat,Lamar Jackson,False
2021,56,6,6,5,Raft Punk With a Chicken,Odell Beckham Jr.,False
2021,57,6,7,4,Leave Her Johnny,T.J. Hockenson,False
2021,58,6,8,7,Tuesday Night  Wellerman Calls,Amari Cooper,False
2021,59,6,9,8,Last of Kylers Privateers,Kyler Murray,False
2021,60,6,10,10,Fishing for The Ship Year,Julio Jones,False
2021,61,7,1,10,Fishing for The Ship Year,Mike Davis,False
2021,62,7,2,8,Last of Kylers Privateers,Kenny Golladay,False
2021,63,7,3,7,Tuesday Night  Wellerman Calls,Diontae Johnson,False
2021,64,7,4,4,Leave Her Johnny,Russell Wilson,False
2021,65,7,5,5,Raft Punk With a Chicken,Darrell Henderson Jr.,False
2021,66,7,6,1,Ye Johnny on a Winner's Boat,Chase Claypool,False
2021,67,7,7,9,DJ's Locker Flying Dutchmen,Chase Edmonds,False
2021,68,7,8,6,CMC Shanties,Aaron Rodgers,False
2021,69,7,9,2,WhatWillWeDoWit ATinChicken!,Adam Thielen,False
2021,70,7,10,3,Ball away  Joe,Tom Brady,False
2021,71,8,1,3,Ball away  Joe,Tee Higgins,False
2021,72,8,2,2,WhatWillWeDoWit ATinChicken!,Dak Prescott,False
2021,73,8,3,6,CMC Shanties,Jamaal Williams,False
2021,74,8,4,9,DJ's Locker Flying Dutchmen,Javonte Williams,False
2021,75,8,5,1,Ye Johnny on a Winner's Boat,Deebo Samuel,False
2021,76,8,6,5,Raft Punk With a Chicken,Logan Thomas,False
2021,77,8,7,4,Leave Her Johnny,Courtland Sutton,False
2021,78,8,8,7,Tuesday Night  Wellerman Calls,Corey Davis,False
2021,79,8,9,8,Last of Kylers Privateers,Ronald Jones II,False
2021,80,8,10,10,Fishing for The Ship Year,Trey Sermon,False
2021,81,9,1,10,Fishing for The Ship Year,Rob Gronkowski,False
2021,82,9,2,8,Last of Kylers Privateers,Noah Fant,False
2021,83,9,3,7,Tuesday Night  Wellerman Calls,AJ Dillon,False
2021,84,9,4,4,Leave Her Johnny,Robby Anderson,False
2021,85,9,5,5,Raft Punk With a Chicken,Justin Herbert,False
2021,86,9,6,1,Ye Johnny on a Winner's Boat,Laviska Shenault Jr.,False
2021,87,9,7,9,DJ's Locker Flying Dutchmen,JuJu Smith-Schuster,False
2021,88,9,8,6,CMC Shanties,William Fuller V,False
2021,89,9,9,2,WhatWillWeDoWit ATinChicken!,DeVonta Smith,False
2021,90,9,10,3,Ball away  Joe,Dallas Goedert,False
2021,91,10,1,3,Ball away  Joe,Sony Michel,False
2021,92,10,2,2,WhatWillWeDoWit ATinChicken!,Michael Pittman Jr.,False
2021,93,10,3,6,CMC Shanties,Kenyan Drake,False
2021,94,10,4,9,DJ's Locker Flying Dutchmen,Buccaneers D/ST,False
2021,95,10,5,1,Ye Johnny on a Winner's Boat,Michael Carter,False
2021,96,10,6,5,Raft Punk With a Chicken,Rams D/ST,False
2021,97,10,7,4,Leave Her Johnny,Commanders D/ST,False
2021,98,10,8,7,Tuesday Night  Wellerman Calls,Brandin Cooks,False
2021,99,10,9,8,Last of Kylers Privateers,James Conner,False
2021,100,10,10,10,Fishing for The Ship Year,Antonio Brown,False
2021,101,11,1,10,Fishing for The Ship Year,David Johnson,False
2021,102,11,2,8,Last of Kylers Privateers,DJ Chark Jr.,False
2021,103,11,3,7,Tuesday Night  Wellerman Calls,Trey Lance,False
2021,104,11,4,4,Leave Her Johnny,Michael Gallup,False
2021,105,11,5,5,Raft Punk With a Chicken,Rashaad Penny,False
2021,106,11,6,1,Ye Johnny on a Winner's Boat,Tyler Higbee,False
2021,107,11,7,9,DJ's Locker Flying Dutchmen,Marquise Brown,False
2021,108,11,8,6,CMC Shanties,Ravens D/ST,False
2021,109,11,9,2,WhatWillWeDoWit ATinChicken!,Curtis Samuel,False
2021,110,11,10,3,Ball away  Joe,Mike Williams,False
2021,111,12,1,3,Ball away  Joe,Steelers D/ST,False
2021,112,12,2,2,WhatWillWeDoWit ATinChicken!,Melvin Gordon III,False
2021,113,12,3,6,CMC Shanties,Jaylen Waddle,False
2021,114,12,4,9,DJ's Locker Flying Dutchmen,Marvin Jones Jr.,False
2021,115,12,5,1,Ye Johnny on a Winner's Boat,Justin Tucker,False
2021,116,12,6,5,Raft Punk With a Chicken,Tyler Boyd,False
2021,117,12,7,4,Leave Her Johnny,Henry Ruggs III,False
2021,118,12,8,7,Tuesday Night  Wellerman Calls,Ja'Marr Chase,False
2021,119,12,9,8,Last of Kylers Privateers,Marquez Callaway,False
2021,120,12,10,10,Fishing for The Ship Year,Matt Ryan,False
2021,121,13,1,10,Fishing for The Ship Year,Bills D/ST,False
2021,122,13,2,8,Last of Kylers Privateers,Matthew Stafford,False
2021,123,13,3,7,Tuesday Night  Wellerman Calls,Jalen Hurts,False
2021,124,13,4,4,Leave Her Johnny,Jonnu Smith,False
2021,125,13,5,5,Raft Punk With a Chicken,Ryan Tannehill,False
2021,126,13,6,1,Ye Johnny on a Winner's Boat,Tua Tagovailoa,False
2021,127,13,7,9,DJ's Locker Flying Dutchmen,Harrison Butker,False
2021,128,13,8,6,CMC Shanties,Zack Moss,False
2021,129,13,9,2,WhatWillWeDoWit ATinChicken!,Nelson Agholor,False
2021,130,13,10,3,Ball away  Joe,Joe Burrow,False
2021,131,14,1,3,Ball away  Joe,Brandon McManus,False
2021,132,14,2,2,WhatWillWeDoWit ATinChicken!,Younghoe Koo,False
2021,133,14,3,6,CMC Shanties,Jason Myers,False
2021,134,14,4,9,DJ's Locker Flying Dutchmen,Devin Singletary,False
2021,135,14,5,1,Ye Johnny on a Winner's Boat,49ers D/ST,False
2021,136,14,6,5,Raft Punk With a Chicken,Phillip Lindsay,False
2021,137,14,7,4,Leave Her Johnny,Graham Gano,False
2021,138,14,8,7,Tuesday Night  Wellerman Calls,Jakobi Meyers,False
2021,139,14,9,8,Last of Kylers Privateers,Nyheim Hines,False
2021,140,14,10,10,Fishing for The Ship Year,Hunter Henry,False
2021,141,15,1,10,Fishing for The Ship Year,Josh Lambo,False
2021,142,15,2,8,Last of Kylers Privateers,Patriots D/ST,False
2021,143,15,3,7,Tuesday Night  Wellerman Calls,Matt Gay,False
2021,144,15,4,4,Leave Her Johnny,Alexander Mattison,False
2021,145,15,5,5,Raft Punk With a Chicken,Tyler Bass,False
2021,146,15,6,1,Ye Johnny on a Winner's Boat,Darnell Mooney,False
2021,147,15,7,9,DJ's Locker Flying Dutchmen,Trevor Lawrence,False
2021,148,15,8,6,CMC Shanties,Robert Tonyan,False
2021,149,15,9,2,WhatWillWeDoWit ATinChicken!,Colts D/ST,False
2021,150,15,10,3,Ball away  Joe,Jarvis Landry,False
2021,151,16,1,3,Ball away  Joe,Broncos D/ST,False
2021,152,16,2,2,WhatWillWeDoWit ATinChicken!,Bryan Edwards,False
2021,153,16,3,6,CMC Shanties,Ben Roethlisberger,False
2021,154,16,4,9,DJ's Locker Flying Dutchmen,Justin Fields,False
2021,155,16,5,1,Ye Johnny on a Winner's Boat,Tony Pollard,False
2021,156,16,6,5,Raft Punk With a Chicken,Mike Gesicki,False
2021,157,16,7,4,Leave Her Johnny,Baker Mayfield,False
2021,158,16,8,7,Tuesday Night  Wellerman Calls,Chargers D/ST,False
2021,159,16,9,8,Last of Kylers Privateers,Evan McPherson,False
2021,160,16,10,10,Fishing for The Ship Year,Johnny Mundt,False
2022,1,1,1,4,Cee Deez Traps MaHomie,Jonathan Taylor,False
2022,2,1,2,5,King Swole,Derrick Henry,False
2022,3,1,3,1,Spray Tanned Six Packers,Austin Ekeler,False
2022,4,1,4,9,Gainesville Muscle Hampstrs,Cooper Kupp,False
2022,5,1,5,2,Liftin Olave Da Weights,Christian McCaffrey,False
2022,6,1,6,7,Goosed Up Lil Buff Boys,Justin Jefferson,False
2022,7,1,7,10,Hundred Dollar Clown Baby,Dalvin Cook,False
2022,8,1,8,6,Certified Swole Boys,Ja'Marr Chase,False
2022,9,1,9,8,The Skeletrex Bone Flexers,Joe Mixon,False
2022,10,1,10,3,Body builing  Podium finisher,Alvin Kamara,False
2022,11,2,1,3,Body builing  Podium finisher,Leonard Fournette,False
2022,12,2,2,8,The Skeletrex Bone Flexers,Stefon Diggs,False
2022,13,2,3,6,Certified Swole Boys,Najee Harris,False
2022,14,2,4,10,Hundred Dollar Clown Baby,Davante Adams,False
2022,15,2,5,7,Goosed Up Lil Buff Boys,Nick Chubb,False
2022,16,2,6,2,Liftin Olave Da Weights,Javonte Williams,False
2022,17,2,7,9,Gainesville Muscle Hampstrs,D'Andre Swift,False
2022,18,2,8,1,Spray Tanned Six Packers,Deebo Samuel,False
2022,19,2,9,5,King Swole,Tyreek Hill,False
2022,20,2,10,4,Cee Deez Traps MaHomie,Aaron Jones,False
2022,21,3,1,4,Cee Deez Traps MaHomie,CeeDee Lamb,False
2022,22,3,2,5,King Swole,James Conner,False
2022,23,3,3,1,Spray Tanned Six Packers,Ezekiel Elliott,False
2022,24,3,4,9,Gainesville Muscle Hampstrs,Saquon Barkley,False
2022,25,3,5,2,Liftin Olave Da Weights,Mike Evans,False
2022,26,3,6,7,Goosed Up Lil Buff Boys,Michael Pittman Jr.,False
2022,27,3,7,10,Hundred Dollar Clown Baby,Travis Kelce,False
2022,28,3,8,6,Certified Swole Boys,Mark Andrews,False
2022,29,3,9,8,The Skeletrex Bone Flexers,Cam Akers,False
2022,30,3,10,3,Body builing  Podium finisher,Tee Higgins,False
2022,31,4,1,3,Body builing  Podium finisher,Keenan Allen,False
2022,32,4,2,8,The Skeletrex Bone Flexers,Kyle Pitts,False
2022,33,4,3,6,Certified Swole Boys,DJ Moore,False
2022,34,4,4,10,Hundred Dollar Clown Baby,Josh Allen,False
2022,35,4,5,7,Goosed Up Lil Buff Boys,A.J. Brown,False
2022,36,4,6,2,Liftin Olave Da Weights,Mike Williams,False
2022,37,4,7,9,Gainesville Muscle Hampstrs,Diontae Johnson,False
2022,38,4,8,1,Spray Tanned Six Packers,Courtland Sutton,False
2022,39,4,9,5,King Swole,David Montgomery,False
2022,40,4,10,4,Cee Deez Traps MaHomie,Gabe Davis,False
2022,41,5,1,4,Cee Deez Traps MaHomie,Patrick Mahomes,False
2022,42,5,2,5,King Swole,Marquise Brown,False
2022,43,5,3,1,Spray Tanned Six Packers,Brandin Cooks,False
2022,44,5,4,9,Gainesville Muscle Hampstrs,DK Metcalf,False
2022,45,5,5,2,Liftin Olave Da Weights,Breece Hall,False
2022,46,5,6,7,Goosed Up Lil Buff Boys,J.K. Dobbins,False
2022,47,5,7,10,Hundred Dollar Clown Baby,Terry McLaurin,False
2022,48,5,8,6,Certified Swole Boys,Jaylen Waddle,False
2022,49,5,9,8,The Skeletrex Bone Flexers,Justin Herbert,False
2022,50,5,10,3,Body builing  Podium finisher,George Kittle,False
2022,51,6,1,3,Body builing  Podium finisher,Jerry Jeudy,False
2022,52,6,2,8,The Skeletrex Bone Flexers,Amon-Ra St. Brown,False
2022,53,6,3,6,Certified Swole Boys,Josh Jacobs,False
2022,54,6,4,10,Hundred Dollar Clown Baby,Antonio Gibson,False
2022,55,6,5,7,Goosed Up Lil Buff Boys,Jalen Hurts,False
2022,56,6,6,2,Liftin Olave Da Weights,Allen Robinson II,False
2022,57,6,7,9,Gainesville Muscle Hampstrs,Lamar Jackson,False
2022,58,6,8,1,Spray Tanned Six Packers,Darnell Mooney,False
2022,59,6,9,5,King Swole,Chris Godwin,False
2022,60,6,10,4,Cee Deez Traps MaHomie,Michael Thomas,False
2022,61,7,1,4,Cee Deez Traps MaHomie,Brandon Aiyuk,False
2022,62,7,2,5,King Swole,Clyde Edwards-Helaire,False
2022,63,7,3,1,Spray Tanned Six Packers,Kyler Murray,False
2022,64,7,4,9,Gainesville Muscle Hampstrs,Darren Waller,False
2022,65,7,5,2,Liftin Olave Da Weights,Travis Etienne Jr.,False
2022,66,7,6,7,Goosed Up Lil Buff Boys,AJ Dillon,False
2022,67,7,7,10,Hundred Dollar Clown Baby,DeAndre Hopkins,False
2022,68,7,8,6,Certified Swole Boys,Elijah Mitchell,False
2022,69,7,9,8,The Skeletrex Bone Flexers,Rashod Bateman,False
2022,70,7,10,3,Body builing  Podium finisher,Tom Brady,False
2022,71,8,1,3,Body builing  Podium finisher,Hunter Renfrow,False
2022,72,8,2,8,The Skeletrex Bone Flexers,Dameon Pierce,False
2022,73,8,3,6,Certified Swole Boys,Devin Singletary,False
2022,74,8,4,10,Hundred Dollar Clown Baby,Joe Burrow,False
2022,75,8,5,7,Goosed Up Lil Buff Boys,Elijah Moore,False
2022,76,8,6,2,Liftin Olave Da Weights,Russell Wilson,False
2022,77,8,7,9,Gainesville Muscle Hampstrs,Miles Sanders,False
2022,78,8,8,1,Spray Tanned Six Packers,Chase Edmonds,False
2022,79,8,9,5,King Swole,Dak Prescott,False
2022,80,8,10,4,Cee Deez Traps MaHomie,Cordarrelle Patterson,False
2022,81,9,1,4,Cee Deez Traps MaHomie,T.J. Hockenson,False
2022,82,9,2,5,King Swole,JuJu Smith-Schuster,False
2022,83,9,3,1,Spray Tanned Six Packers,Dalton Schultz,False
2022,84,9,4,9,Gainesville Muscle Hampstrs,Adam Thielen,False
2022,85,9,5,2,Liftin Olave Da Weights,Kareem Hunt,False
2022,86,9,6,7,Goosed Up Lil Buff Boys,Amari Cooper,False
2022,87,9,7,10,Hundred Dollar Clown Baby,Damien Harris,False
2022,88,9,8,6,Certified Swole Boys,Aaron Rodgers,False
2022,89,9,9,8,The Skeletrex Bone Flexers,Tony Pollard,False
2022,90,9,10,3,Body builing  Podium finisher,Melvin Gordon III,False
2022,91,10,1,3,Body builing  Podium finisher,Rhamondre Stevenson,False
2022,92,10,2,8,The Skeletrex Bone Flexers,Allen Lazard,False
2022,93,10,3,6,Certified Swole Boys,Drake London,False
2022,94,10,4,10,Hundred Dollar Clown Baby,Kenneth Walker III,False
2022,95,10,5,7,Goosed Up Lil Buff Boys,Christian Kirk,False
2022,96,10,6,2,Liftin Olave Da Weights,Rashaad Penny,False
2022,97,10,7,9,Gainesville Muscle Hampstrs,Kadarius Toney,False
2022,98,10,8,1,Spray Tanned Six Packers,DeVonta Smith,False
2022,99,10,9,5,King Swole,Mike Gesicki,False
2022,100,10,10,4,Cee Deez Traps MaHomie,James Cook,False
2022,101,11,1,4,Cee Deez Traps MaHomie,Chris Olave,False
2022,102,11,2,5,King Swole,Alexander Mattison,False
2022,103,11,3,1,Spray Tanned Six Packers,James Robinson,False
2022,104,11,4,9,Gainesville Muscle Hampstrs,Robert Woods,False
2022,105,11,5,2,Liftin Olave Da Weights,Dallas Goedert,False
2022,106,11,6,7,Goosed Up Lil Buff Boys,Darrell Henderson Jr.,False
2022,107,11,7,10,Hundred Dollar Clown Baby,Ronald Jones,False
2022,108,11,8,6,Certified Swole Boys,Chase Claypool,False
2022,109,11,9,8,The Skeletrex Bone Flexers,Brian Robinson Jr.,False
2022,110,11,10,3,Body builing  Podium finisher,Zach Ertz,False
2022,111,12,1,3,Body builing  Podium finisher,Tyler Lockett,False
2022,112,12,2,8,The Skeletrex Bone Flexers,Marquez Valdes-Scantling,False
2022,113,12,3,6,Certified Swole Boys,Jamaal Williams,False
2022,114,12,4,10,Hundred Dollar Clown Baby,Nelson Agholor,False
2022,115,12,5,7,Goosed Up Lil Buff Boys,Cole Kmet,False
2022,116,12,6,2,Liftin Olave Da Weights,Trey Lance,False
2022,117,12,7,9,Gainesville Muscle Hampstrs,Garrett Wilson,False
2022,118,12,8,1,Spray Tanned Six Packers,Justin Tucker,False
2022,119,12,9,5,King Swole,Robbie Anderson,False
2022,120,12,10,4,Cee Deez Traps MaHomie,Kenny Golladay,False
2022,121,13,1,4,Cee Deez Traps MaHomie,Kenneth Gainwell,False
2022,122,13,2,5,King Swole,Dawson Knox,False
2022,123,13,3,1,Spray Tanned Six Packers,Khalil Herbert,False
2022,124,13,4,9,Gainesville Muscle Hampstrs,Matthew Stafford,False
2022,125,13,5,2,Liftin Olave Da Weights,Julio Jones,False
2022,126,13,6,7,Goosed Up Lil Buff Boys,Michael Carter,False
2022,127,13,7,10,Hundred Dollar Clown Baby,Raheem Mostert,False
2022,128,13,8,6,Certified Swole Boys,Tyler Boyd,False
2022,129,13,9,8,The Skeletrex Bone Flexers,Nyheim Hines,False
2022,130,13,10,3,Body builing  Podium finisher,J.D. McKissic,False
2022,131,14,1,3,Body builing  Podium finisher,Mac Jones,False
2022,132,14,2,8,The Skeletrex Bone Flexers,Hunter Henry,False
2022,133,14,3,6,Certified Swole Boys,Rachaad White,False
2022,134,14,4,10,Hundred Dollar Clown Baby,Pat Freiermuth,False
2022,135,14,5,7,Goosed Up Lil Buff Boys,Jahan Dotson,False
2022,136,14,6,2,Liftin Olave Da Weights,Tyler Bass,False
2022,137,14,7,9,Gainesville Muscle Hampstrs,Skyy Moore,False
2022,138,14,8,1,Spray Tanned Six Packers,Treylon Burks,False
2022,139,14,9,5,King Swole,Marvin Jones Jr.,False
2022,140,14,10,4,Cee Deez Traps MaHomie,Derek Carr,False
2022,141,15,1,4,Cee Deez Traps MaHomie,Odell Beckham Jr.,False
2022,142,15,2,5,King Swole,Tua Tagovailoa,False
2022,143,15,3,1,Spray Tanned Six Packers,Bills D/ST,False
2022,144,15,4,9,Gainesville Muscle Hampstrs,Evan McPherson,False
2022,145,15,5,2,Liftin Olave Da Weights,DeVante Parker,False
2022,146,15,6,7,Goosed Up Lil Buff Boys,Eno Benjamin,False
2022,147,15,7,10,Hundred Dollar Clown Baby,Michael Gallup,False
2022,148,15,8,6,Certified Swole Boys,Noah Fant,False
2022,149,15,9,8,The Skeletrex Bone Flexers,Matt Gay,False
2022,150,15,10,3,Body builing  Podium finisher,Harrison Butker,False
2022,151,16,1,3,Body builing  Podium finisher,Buccaneers D/ST,False
2022,152,16,2,8,The Skeletrex Bone Flexers,Saints D/ST,False
2022,153,16,3,6,Certified Swole Boys,Ryan Succop,False
2022,154,16,4,10,Hundred Dollar Clown Baby,Jets D/ST,False
2022,155,16,5,7,Goosed Up Lil Buff Boys,Brandon McManus,False
2022,156,16,6,2,Liftin Olave Da Weights,49ers D/ST,False
2022,157,16,7,9,Gainesville Muscle Hampstrs,David Njoku,False
2022,158,16,8,1,Spray Tanned Six Packers,Hassan Haskins,False
2022,159,16,9,5,King Swole,Ravens D/ST,False
2022,160,16,10,4,Cee Deez Traps MaHomie,Colts D/ST,False
2022,161,17,1,4,Cee Deez Traps MaHomie,Nick Folk,False
2022,162,17,2,5,King Swole,Matt Prater,False
2022,163,17,3,1,Spray Tanned Six Packers,Irv Smith Jr.,False
2022,164,17,4,9,Gainesville Muscle Hampstrs,Steelers D/ST,False
2022,165,17,5,2,Liftin Olave Da Weights,Rondale Moore,False
2022,166,17,6,7,Goosed Up Lil Buff Boys,Jalen Tolbert,False
2022,167,17,7,10,Hundred Dollar Clown Baby,Chris Boswell,False
2022,168,17,8,6,Certified Swole Boys,Chargers D/ST,False
2022,169,17,9,8,The Skeletrex Bone Flexers,Joshua Palmer,False
2022,170,17,10,3,Body builing  Podium finisher,Cole Beasley,False
2023,1,1,1,1,The Allegheny Climb Hurts,Justin Jefferson,False
2023,2,1,2,2,See Moore Mount-Caffreys,Christian McCaffrey,False
2023,3,1,3,7,Appalachian Hillaineers,Ja'Marr Chase,False
2023,4,1,4,9,Catskill Killers,Austin Ekeler,False
2023,5,1,5,3,Rocky Hill Oysters,Saquon Barkley,False
2023,6,1,6,8,The West Coast Hilltoppers,Nick Chubb,False
2023,7,1,7,4,Mt. Field(s),Derrick Henry,False
2023,8,1,8,10,We Are Climbing High,Bijan Robinson,False
2023,9,1,9,6,MT KilledbyLamaro,Travis Kelce,False
2023,10,1,10,5,Appalachian Hill to die on,Tyreek Hill,False
2023,11,2,1,5,Appalachian Hill to die on,Josh Jacobs,False
2023,12,2,2,6,MT KilledbyLamaro,Davante Adams,False
2023,13,2,3,10,We Are Climbing High,Stefon Diggs,False
2023,14,2,4,4,Mt. Field(s),Cooper Kupp,False
2023,15,2,5,8,The West Coast Hilltoppers,Jonathan Taylor,False
2023,16,2,6,3,Rocky Hill Oysters,Tony Pollard,False
2023,17,2,7,9,Catskill Killers,Garrett Wilson,False
2023,18,2,8,7,Appalachian Hillaineers,A.J. Brown,False
2023,19,2,9,2,See Moore Mount-Caffreys,CeeDee Lamb,False
2023,20,2,10,1,The Allegheny Climb Hurts,Joe Mixon,False
2023,21,3,1,1,The Allegheny Climb Hurts,Jalen Hurts,False
2023,22,3,2,2,See Moore Mount-Caffreys,Jahmyr Gibbs,False
2023,23,3,3,7,Appalachian Hillaineers,Josh Allen,False
2023,24,3,4,9,Catskill Killers,Amon-Ra St. Brown,False
2023,25,3,5,3,Rocky Hill Oysters,Deebo Samuel,False
2023,26,3,6,8,The West Coast Hilltoppers,Patrick Mahomes,False
2023,27,3,7,4,Mt. Field(s),DK Metcalf,False
2023,28,3,8,10,We Are Climbing High,Jaylen Waddle,False
2023,29,3,9,6,MT KilledbyLamaro,Travis Etienne Jr.,False
2023,30,3,10,5,Appalachian Hill to die on,Rhamondre Stevenson,False
2023,31,4,1,5,Appalachian Hill to die on,Chris Olave,False
2023,32,4,2,6,MT KilledbyLamaro,Tee Higgins,False
2023,33,4,3,10,We Are Climbing High,Najee Harris,False
2023,34,4,4,4,Mt. Field(s),Aaron Jones,False
2023,35,4,5,8,The West Coast Hilltoppers,Calvin Ridley,False
2023,36,4,6,3,Rocky Hill Oysters,DeAndre Hopkins,False
2023,37,4,7,9,Catskill Killers,Joe Burrow,False
2023,38,4,8,7,Appalachian Hillaineers,Amari Cooper,False
2023,39,4,9,2,See Moore Mount-Caffreys,Mark Andrews,False
2023,40,4,10,1,The Allegheny Climb Hurts,Kenneth Walker III,False
2023,41,5,1,1,The Allegheny Climb Hurts,DeVonta Smith,False
2023,42,5,2,2,See Moore Mount-Caffreys,Keenan Allen,False
2023,43,5,3,7,Appalachian Hillaineers,J.K. Dobbins,False
2023,44,5,4,9,Catskill Killers,Dameon Pierce,False
2023,45,5,5,3,Rocky Hill Oysters,Rachaad White,False
2023,46,5,6,8,The West Coast Hilltoppers,Terry McLaurin,False
2023,47,5,7,4,Mt. Field(s),Christian Watson,False
2023,48,5,8,10,We Are Climbing High,Breece Hall,False
2023,49,5,9,6,MT KilledbyLamaro,Lamar Jackson,False
2023,50,5,10,5,Appalachian Hill to die on,Miles Sanders,False
2023,51,6,1,5,Appalachian Hill to die on,Trevor Lawrence,False
2023,52,6,2,6,MT KilledbyLamaro,DJ Moore,False
2023,53,6,3,10,We Are Climbing High,T.J. Hockenson,False
2023,54,6,4,4,Mt. Field(s),Mike Williams,False
2023,55,6,5,8,The West Coast Hilltoppers,Darren Waller,False
2023,56,6,6,3,Rocky Hill Oysters,Dallas Goedert,False
2023,57,6,7,9,Catskill Killers,James Conner,False
2023,58,6,8,7,Appalachian Hillaineers,Alexander Mattison,False
2023,59,6,9,2,See Moore Mount-Caffreys,Cam Akers,False
2023,60,6,10,1,The Allegheny Climb Hurts,James Cook,False
2023,61,7,1,1,The Allegheny Climb Hurts,Isiah Pacheco,False
2023,62,7,2,2,See Moore Mount-Caffreys,Justin Herbert,False
2023,63,7,3,7,Appalachian Hillaineers,Diontae Johnson,False
2023,64,7,4,9,Catskill Killers,George Kittle,False
2023,65,7,5,3,Rocky Hill Oysters,Dalvin Cook,False
2023,66,7,6,8,The West Coast Hilltoppers,Khalil Herbert,False
2023,67,7,7,4,Mt. Field(s),Jerry Jeudy,False
2023,68,7,8,10,We Are Climbing High,Kyle Pitts,False
2023,69,7,9,6,MT KilledbyLamaro,Alvin Kamara,False
2023,70,7,10,5,Appalachian Hill to die on,Javonte Williams,False
2023,71,8,1,5,Appalachian Hill to die on,Drake London,False
2023,72,8,2,6,MT KilledbyLamaro,Mike Evans,False
2023,73,8,3,10,We Are Climbing High,David Montgomery,False
2023,74,8,4,4,Mt. Field(s),Justin Fields,False
2023,75,8,5,8,The West Coast Hilltoppers,Tyler Lockett,False
2023,76,8,6,3,Rocky Hill Oysters,Kirk Cousins,False
2023,77,8,7,9,Catskill Killers,Courtland Sutton,False
2023,78,8,8,7,Appalachian Hillaineers,Antonio Gibson,False
2023,79,8,9,2,See Moore Mount-Caffreys,Jahan Dotson,False
2023,80,8,10,1,The Allegheny Climb Hurts,Brandon Aiyuk,False
2023,81,9,1,1,The Allegheny Climb Hurts,Christian Kirk,False
2023,82,9,2,2,See Moore Mount-Caffreys,Jordan Addison,False
2023,83,9,3,7,Appalachian Hillaineers,Jaxon Smith-Njigba,False
2023,84,9,4,9,Catskill Killers,Brandin Cooks,False
2023,85,9,5,3,Rocky Hill Oysters,Michael Thomas,False
2023,86,9,6,8,The West Coast Hilltoppers,Gabe Davis,False
2023,87,9,7,4,Mt. Field(s),AJ Dillon,False
2023,88,9,8,10,We Are Climbing High,D'Andre Swift,False
2023,89,9,9,6,MT KilledbyLamaro,Brian Robinson Jr.,False
2023,90,9,10,5,Appalachian Hill to die on,Marquise Brown,False
2023,91,10,1,5,Appalachian Hill to die on,Raheem Mostert,False
2023,92,10,2,6,MT KilledbyLamaro,George Pickens,False
2023,93,10,3,10,We Are Climbing High,Michael Pittman Jr.,False
2023,94,10,4,4,Mt. Field(s),Pat Freiermuth,False
2023,95,10,5,8,The West Coast Hilltoppers,Samaje Perine,False
2023,96,10,6,3,Rocky Hill Oysters,JuJu Smith-Schuster,False
2023,97,10,7,9,Catskill Killers,Rashaad Penny,False
2023,98,10,8,7,Appalachian Hillaineers,Zach Charbonnet,False
2023,99,10,9,2,See Moore Mount-Caffreys,Zay Flowers,False
2023,100,10,10,1,The Allegheny Climb Hurts,Skyy Moore,False
2023,101,11,1,1,The Allegheny Climb Hurts,Chris Godwin,False
2023,102,11,2,2,See Moore Mount-Caffreys,Jerick McKinnon,False
2023,103,11,3,7,Appalachian Hillaineers,Quentin Johnston,False
2023,104,11,4,9,Catskill Killers,Nico Collins,False
2023,105,11,5,3,Rocky Hill Oysters,Jamaal Williams,False
2023,106,11,6,8,The West Coast Hilltoppers,Allen Lazard,False
2023,107,11,7,4,Mt. Field(s),Treylon Burks,False
2023,108,11,8,10,We Are Climbing High,Kadarius Toney,False
2023,109,11,9,6,MT KilledbyLamaro,Elijah Mitchell,False
2023,110,11,10,5,Appalachian Hill to die on,Evan Engram,False
2023,111,12,1,5,Appalachian Hill to die on,Aaron Rodgers,False
2023,112,12,2,6,MT KilledbyLamaro,David Njoku,False
2023,113,12,3,10,We Are Climbing High,Deshaun Watson,False
2023,114,12,4,4,Mt. Field(s),Devin Singletary,False
2023,115,12,5,8,The West Coast Hilltoppers,Jakobi Meyers,False
2023,116,12,6,3,Rocky Hill Oysters,Tyler Higbee,False
2023,117,12,7,9,Catskill Killers,Chigoziem Okonkwo,False
2023,118,12,8,7,Appalachian Hillaineers,De'Von Achane,False
2023,119,12,9,2,See Moore Mount-Caffreys,Van Jefferson,False
2023,120,12,10,1,The Allegheny Climb Hurts,Dalton Kincaid,False
2023,121,13,1,1,The Allegheny Climb Hurts,Jaylen Warren,False
2023,122,13,2,2,See Moore Mount-Caffreys,Elijah Moore,False
2023,123,13,3,7,Appalachian Hillaineers,Tank Bigsby,False
2023,124,13,4,9,Catskill Killers,Justin Tucker,False
2023,125,13,5,3,Rocky Hill Oysters,Hunter Renfrow,False
2023,126,13,6,8,The West Coast Hilltoppers,Jonathan Mingo,False
2023,127,13,7,4,Mt. Field(s),Cole Kmet,False
2023,128,13,8,10,We Are Climbing High,Rashod Bateman,False
2023,129,13,9,6,MT KilledbyLamaro,Tyler Allgeier,False
2023,130,13,10,5,Appalachian Hill to die on,Ezekiel Elliott,False
2023,131,14,1,5,Appalachian Hill to die on,49ers D/ST,False
2023,132,14,2,6,MT KilledbyLamaro,Odell Beckham Jr.,False
2023,133,14,3,10,We Are Climbing High,Bills D/ST,False
2023,134,14,4,4,Mt. Field(s),Roschon Johnson,False
2023,135,14,5,8,The West Coast Hilltoppers,Deuce Vaughn,False
2023,136,14,6,3,Rocky Hill Oysters,Buccaneers D/ST,False
2023,137,14,7,9,Catskill Killers,DJ Chark Jr.,False
2023,138,14,8,7,Appalachian Hillaineers,Clyde Edwards-Helaire,False
2023,139,14,9,2,See Moore Mount-Caffreys,Anthony Richardson,False
2023,140,14,10,1,The Allegheny Climb Hurts,Cowboys D/ST,False
2023,141,15,1,1,The Allegheny Climb Hurts,Tyler Bass,False
2023,142,15,2,2,See Moore Mount-Caffreys,Eagles D/ST,False
2023,143,15,3,7,Appalachian Hillaineers,Kenneth Gainwell,False
2023,144,15,4,9,Catskill Killers,Michael Gallup,False
2023,145,15,5,3,Rocky Hill Oysters,Daniel Jones,False
2023,146,15,6,8,The West Coast Hilltoppers,Marquez Valdes-Scantling,False
2023,147,15,7,4,Mt. Field(s),Tua Tagovailoa,False
2023,148,15,8,10,We Are Climbing High,Dak Prescott,False
2023,149,15,9,6,MT KilledbyLamaro,Steelers D/ST,False
2023,150,15,10,5,Appalachian Hill to die on,Tyler Boyd,False
2023,151,16,1,5,Appalachian Hill to die on,Darnell Mooney,False
2023,152,16,2,6,MT KilledbyLamaro,Evan McPherson,False
2023,153,16,3,10,We Are Climbing High,Younghoe Koo,False
2023,154,16,4,4,Mt. Field(s),Saints D/ST,False
2023,155,16,5,8,The West Coast Hilltoppers,Bengals D/ST,False
2023,156,16,6,3,Rocky Hill Oysters,Adam Thielen,False
2023,157,16,7,9,Catskill Killers,Jets D/ST,False
2023,158,16,8,7,Appalachian Hillaineers,Juwan Johnson,False
2023,159,16,9,2,See Moore Mount-Caffreys,Harrison Butker,False
2023,160,16,10,1,The Allegheny Climb Hurts,Kendre Miller,False
2023,161,17,1,1,The Allegheny Climb Hurts,Marvin Mims Jr.,False
2023,162,17,2,2,See Moore Mount-Caffreys,Jameson Williams,False
2023,163,17,3,7,Appalachian Hillaineers,Ravens D/ST,False
2023,164,17,4,9,Catskill Killers,Tyjae Spears,False
2023,165,17,5,3,Rocky Hill Oysters,Cameron Dicker,False
2023,166,17,6,8,The West Coast Hilltoppers,Jake Elliott,False
2023,167,17,7,4,Mt. Field(s),Daniel Carlson,False
2023,168,17,8,10,We Are Climbing High,Israel Abanikanda,False
2023,169,17,9,6,MT KilledbyLamaro,Rondale Moore,False
2023,170,17,10,5,Appalachian Hill to die on,Jason Myers,False
2024,1,1,1,6,MT KilledbyLamaro,Christian McCaffrey,False
2024,2,1,2,4,Ants In My Eyes Jackson,Bijan Robinson,False
2024,3,1,3,3,Three unmuscular Michaels jr.,Breece Hall,False
2024,4,1,4,2,Violent Tyreek Roadshow,Tyreek Hill,False
2024,5,1,5,8,Kittl' Bits,CeeDee Lamb,False
2024,6,1,6,1,2 Brothers In a Chiefs Van,Ja'Marr Chase,False
2024,7,1,7,7,FootBall Fondlers,Amon-Ra St. Brown,False
2024,8,1,8,10,We Are Climbing High,Justin Jefferson,False
2024,9,1,9,5,Mike Evans down your Vincents,Jonathan Taylor,False
2024,10,1,10,9,Pirates of the Pancreas,Saquon Barkley,False
2024,11,2,1,9,Pirates of the Pancreas,Garrett Wilson,False
2024,12,2,2,5,Mike Evans down your Vincents,A.J. Brown,False
2024,13,2,3,10,We Are Climbing High,Jahmyr Gibbs,False
2024,14,2,4,7,FootBall Fondlers,Kyren Williams,False
2024,15,2,5,1,2 Brothers In a Chiefs Van,Derrick Henry,False
2024,16,2,6,8,Kittl' Bits,Isiah Pacheco,False
2024,17,2,7,2,Violent Tyreek Roadshow,Marvin Harrison Jr.,False
2024,18,2,8,3,Three unmuscular Michaels jr.,Deebo Samuel Sr.,False
2024,19,2,9,4,Ants In My Eyes Jackson,Chris Olave,False
2024,20,2,10,6,MT KilledbyLamaro,De'Von Achane,False
2024,21,3,1,6,MT KilledbyLamaro,Puka Nacua,False
2024,22,3,2,4,Ants In My Eyes Jackson,Josh Jacobs,False
2024,23,3,3,3,Three unmuscular Michaels jr.,Travis Etienne Jr.,False
2024,24,3,4,2,Violent Tyreek Roadshow,Cooper Kupp,False
2024,25,3,5,8,Kittl' Bits,Kenneth Walker III,False
2024,26,3,6,1,2 Brothers In a Chiefs Van,Nico Collins,False
2024,27,3,7,7,FootBall Fondlers,DK Metcalf,False
2024,28,3,8,10,We Are Climbing High,Drake London,False
2024,29,3,9,5,Mike Evans down your Vincents,Mike Evans,False
2024,30,3,10,9,Pirates of the Pancreas,Davante Adams,False
2024,31,4,1,9,Pirates of the Pancreas,James Cook,False
2024,32,4,2,5,Mike Evans down your Vincents,Joe Mixon,False
2024,33,4,3,10,We Are Climbing High,Jaylen Waddle,False
2024,34,4,4,7,FootBall Fondlers,Josh Allen,False
2024,35,4,5,1,2 Brothers In a Chiefs Van,Patrick Mahomes,False
2024,36,4,6,8,Kittl' Bits,Rachaad White,False
2024,37,4,7,2,Violent Tyreek Roadshow,DeVonta Smith,False
2024,38,4,8,3,Three unmuscular Michaels jr.,Michael Pittman Jr.,False
2024,39,4,9,4,Ants In My Eyes Jackson,Lamar Jackson,False
2024,40,4,10,6,MT KilledbyLamaro,Brandon Aiyuk,False
2024,41,5,1,6,MT KilledbyLamaro,Alvin Kamara,False
2024,42,5,2,4,Ants In My Eyes Jackson,Mark Andrews,False
2024,43,5,3,3,Three unmuscular Michaels jr.,Anthony Richardson,False
2024,44,5,4,2,Violent Tyreek Roadshow,Jalen Hurts,False
2024,45,5,5,8,Kittl' Bits,DJ Moore,False
2024,46,5,6,1,2 Brothers In a Chiefs Van,Travis Kelce,False
2024,47,5,7,7,FootBall Fondlers,Malik Nabers,False
2024,48,5,8,10,We Are Climbing High,Sam LaPorta,False
2024,49,5,9,5,Mike Evans down your Vincents,James Conner,False
2024,50,5,10,9,Pirates of the Pancreas,C.J. Stroud,False
2024,51,6,1,9,Pirates of the Pancreas,Stefon Diggs,False
2024,52,6,2,5,Mike Evans down your Vincents,Rashee Rice,False
2024,53,6,3,10,We Are Climbing High,Joe Burrow,False
2024,54,6,4,7,FootBall Fondlers,Trey McBride,False
2024,55,6,5,1,2 Brothers In a Chiefs Van,Amari Cooper,False
2024,56,6,6,8,Kittl' Bits,George Kittle,False
2024,57,6,7,2,Violent Tyreek Roadshow,Dalton Kincaid,False
2024,58,6,8,3,Three unmuscular Michaels jr.,Kyle Pitts,False
2024,59,6,9,4,Ants In My Eyes Jackson,Tee Higgins,False
2024,60,6,10,6,MT KilledbyLamaro,Dak Prescott,False
2024,61,7,1,6,MT KilledbyLamaro,Jake Ferguson,False
2024,62,7,2,4,Ants In My Eyes Jackson,George Pickens,False
2024,63,7,3,3,Three unmuscular Michaels jr.,Najee Harris,False
2024,64,7,4,2,Violent Tyreek Roadshow,Rhamondre Stevenson,False
2024,65,7,5,8,Kittl' Bits,Zay Flowers,False
2024,66,7,6,1,2 Brothers In a Chiefs Van,David Montgomery,False
2024,67,7,7,7,FootBall Fondlers,Raheem Mostert,False
2024,68,7,8,10,We Are Climbing High,Aaron Jones,False
2024,69,7,9,5,Mike Evans down your Vincents,Terry McLaurin,False
2024,70,7,10,9,Pirates of the Pancreas,Javonte Williams,False
2024,71,8,1,9,Pirates of the Pancreas,Evan Engram,False
2024,72,8,2,5,Mike Evans down your Vincents,Brock Bowers,False
2024,73,8,3,10,We Are Climbing High,Nick Chubb,False
2024,74,8,4,7,FootBall Fondlers,Tank Dell,False
2024,75,8,5,1,2 Brothers In a Chiefs Van,Christian Kirk,False
2024,76,8,6,8,Kittl' Bits,Zamir White,False
2024,77,8,7,2,Violent Tyreek Roadshow,Calvin Ridley,False
2024,78,8,8,3,Three unmuscular Michaels jr.,Brian Robinson Jr.,False
2024,79,8,9,4,Ants In My Eyes Jackson,D'Andre Swift,False
2024,80,8,10,6,MT KilledbyLamaro,Diontae Johnson,False
2024,81,9,1,6,MT KilledbyLamaro,Jaylen Warren,False
2024,82,9,2,4,Ants In My Eyes Jackson,Jakobi Meyers,False
2024,83,9,3,3,Three unmuscular Michaels jr.,Chris Godwin,False
2024,84,9,4,2,Violent Tyreek Roadshow,Zack Moss,False
2024,85,9,5,8,Kittl' Bits,Jordan Love,False
2024,86,9,6,1,2 Brothers In a Chiefs Van,Tony Pollard,False
2024,87,9,7,7,FootBall Fondlers,Kyler Murray,False
2024,88,9,8,10,We Are Climbing High,Gus Edwards,False
2024,89,9,9,5,Mike Evans down your Vincents,Jerome Ford,False
2024,90,9,10,9,Pirates of the Pancreas,Jayden Daniels,False
2024,91,10,1,9,Pirates of the Pancreas,Keon Coleman,False
2024,92,10,2,5,Mike Evans down your Vincents,Jared Goff,False
2024,93,10,3,10,We Are Climbing High,DeAndre Hopkins,False
2024,94,10,4,7,FootBall Fondlers,Jayden Reed,False
2024,95,10,5,1,2 Brothers In a Chiefs Van,Christian Watson,False
2024,96,10,6,8,Kittl' Bits,Xavier Worthy,False
2024,97,10,7,2,Violent Tyreek Roadshow,Brian Thomas Jr.,False
2024,98,10,8,3,Three unmuscular Michaels jr.,Younghoe Koo,False
2024,99,10,9,4,Ants In My Eyes Jackson,Devin Singletary,False
2024,100,10,10,6,MT KilledbyLamaro,Rome Odunze,False
2024,101,11,1,6,MT KilledbyLamaro,Jameson Williams,False
2024,102,11,2,4,Ants In My Eyes Jackson,Jaxon Smith-Njigba,False
2024,103,11,3,3,Three unmuscular Michaels jr.,Courtland Sutton,False
2024,104,11,4,2,Violent Tyreek Roadshow,Ladd McConkey,False
2024,105,11,5,8,Kittl' Bits,Chase Brown,False
2024,106,11,6,1,2 Brothers In a Chiefs Van,Tyjae Spears,False
2024,107,11,7,7,FootBall Fondlers,Jonathon Brooks,False
2024,108,11,8,10,We Are Climbing High,Austin Ekeler,False
2024,109,11,9,5,Mike Evans down your Vincents,Blake Corum,False
2024,110,11,10,9,Pirates of the Pancreas,J.K. Dobbins,False
2024,111,12,1,9,Pirates of the Pancreas,Keenan Allen,False
2024,112,12,2,5,Mike Evans down your Vincents,Joshua Palmer,False
2024,113,12,3,10,We Are Climbing High,Khalil Shakir,False
2024,114,12,4,7,FootBall Fondlers,Rico Dowdle,False
2024,115,12,5,1,2 Brothers In a Chiefs Van,Hollywood Brown,False
2024,116,12,6,8,Kittl' Bits,Chuba Hubbard,False
2024,117,12,7,2,Violent Tyreek Roadshow,Ezekiel Elliott,False
2024,118,12,8,3,Three unmuscular Michaels jr.,Zach Charbonnet,False
2024,119,12,9,4,Ants In My Eyes Jackson,Brock Purdy,False
2024,120,12,10,6,MT KilledbyLamaro,David Njoku,False
2024,121,13,1,6,MT KilledbyLamaro,Jordan Addison,False
2024,122,13,2,4,Ants In My Eyes Jackson,Khalil Herbert,False
2024,123,13,3,3,Three unmuscular Michaels jr.,Jerry Jeudy,False
2024,124,13,4,2,Violent Tyreek Roadshow,Jaleel McLaughlin,False
2024,125,13,5,8,Kittl' Bits,Aaron Rodgers,False
2024,126,13,6,1,2 Brothers In a Chiefs Van,Ravens D/ST,False
2024,127,13,7,7,FootBall Fondlers,Trey Benson,False
2024,128,13,8,10,We Are Climbing High,T.J. Hockenson,False
2024,129,13,9,5,Mike Evans down your Vincents,Tyler Allgeier,False
2024,130,13,10,9,Pirates of the Pancreas,Brandon Aubrey,False
2024,131,14,1,9,Pirates of the Pancreas,Browns D/ST,False
2024,132,14,2,5,Mike Evans down your Vincents,Kirk Cousins,False
2024,133,14,3,10,We Are Climbing High,Cordarrelle Patterson,False
2024,134,14,4,7,FootBall Fondlers,Curtis Samuel,False
2024,135,14,5,1,2 Brothers In a Chiefs Van,Dallas Goedert,False
2024,136,14,6,8,Kittl' Bits,DeMario Douglas,False
2024,137,14,7,2,Violent Tyreek Roadshow,Jordan Mason,False
2024,138,14,8,3,Three unmuscular Michaels jr.,Jets D/ST,False
2024,139,14,9,4,Ants In My Eyes Jackson,49ers D/ST,False
2024,140,14,10,6,MT KilledbyLamaro,Ty Chandler,False
2024,141,15,1,6,MT KilledbyLamaro,Mike Williams,False
2024,142,15,2,4,Ants In My Eyes Jackson,Justin Tucker,False
2024,143,15,3,3,Three unmuscular Michaels jr.,Dalton Schultz,False
2024,144,15,4,2,Violent Tyreek Roadshow,Cowboys D/ST,False
2024,145,15,5,8,Kittl' Bits,Steelers D/ST,False
2024,146,15,6,1,2 Brothers In a Chiefs Van,Harrison Butker,False
2024,147,15,7,7,FootBall Fondlers,Ka'imi Fairbairn,False
2024,148,15,8,10,We Are Climbing High,Trevor Lawrence,False
2024,149,15,9,5,Mike Evans down your Vincents,Chiefs D/ST,False
2024,150,15,10,9,Pirates of the Pancreas,Tyler Lockett,False
2024,151,16,1,9,Pirates of the Pancreas,Xavier Legette,False
2024,152,16,2,5,Mike Evans down your Vincents,Jaylen Wright,False
2024,153,16,3,10,We Are Climbing High,Vikings D/ST,False
2024,154,16,4,7,FootBall Fondlers,Saints D/ST,False
2024,155,16,5,1,2 Brothers In a Chiefs Van,Adonai Mitchell,False
2024,156,16,6,8,Kittl' Bits,Darnell Mooney,False
2024,157,16,7,2,Violent Tyreek Roadshow,Jason Sanders,False
2024,158,16,8,3,Three unmuscular Michaels jr.,Pat Freiermuth,False
2024,159,16,9,4,Ants In My Eyes Jackson,Taysom Hill,False
2024,160,16,10,6,MT KilledbyLamaro,Dolphins D/ST,False
2024,161,17,1,6,MT KilledbyLamaro,Jake Elliott,False
2024,162,17,2,4,Ants In My Eyes Jackson,Ja'Lynn Polk,False
2024,163,17,3,3,Three unmuscular Michaels jr.,Antonio Gibson,False
2024,164,17,4,2,Violent Tyreek Roadshow,Tua Tagovailoa,False
2024,165,17,5,8,Kittl' Bits,Tyler Conklin,False
2024,166,17,6,1,2 Brothers In a Chiefs Van,MarShawn Lloyd,False
2024,167,17,7,7,FootBall Fondlers,Michael Wilson,False
2024,168,17,8,10,We Are Climbing High,Wil Lutz,False
2024,169,17,9,5,Mike Evans down your Vincents,Jake Moody,False
2024,170,17,10,9,Pirates of the Pancreas,Louis Rees-Zammit,False
2025,1,1,1,6,NameOfCurseWarding,Malik Nabers,False
2025,2,1,2,3,Hunters and renfrow,Saquon Barkley,False
2025,3,1,3,7,Roll for Yardage,Christian McCaffrey,False
2025,4,1,4,2,Danny Dice Rolls,Justin Jefferson,False
2025,5,1,5,10,We Are Rolling High,Jahmyr Gibbs,False
2025,6,1,6,4,Forgotten Burrows,Derrick Henry,False
2025,7,1,7,1,Heroic Inspiration,CeeDee Lamb,False
2025,8,1,8,8,"I Don't Care, I Cast Fireball",Bijan Robinson,False
2025,9,1,9,9,Paladins of the Pancreas,Amon-Ra St. Brown,False
2025,10,1,10,5,Constitution Check Downs,Ja'Marr Chase,False
2025,11,2,1,5,Constitution Check Downs,Josh Jacobs,False
2025,12,2,2,9,Paladins of the Pancreas,De'Von Achane,False
2025,13,2,3,8,"I Don't Care, I Cast Fireball",Bucky Irving,False
2025,14,2,4,1,Heroic Inspiration,Nico Collins,False
2025,15,2,5,4,Forgotten Burrows,Jonathan Taylor,False
2025,16,2,6,10,We Are Rolling High,Ashton Jeanty,False
2025,17,2,7,2,Danny Dice Rolls,Chase Brown,False
2025,18,2,8,7,Roll for Yardage,Brian Thomas Jr.,False
2025,19,2,9,3,Hunters and renfrow,A.J. Brown,False
2025,20,2,10,6,NameOfCurseWarding,Puka Nacua,False
2025,21,3,1,6,NameOfCurseWarding,Brock Bowers,False
2025,22,3,2,3,Hunters and renfrow,Chuba Hubbard,False
2025,23,3,3,7,Roll for Yardage,Drake London,False
2025,24,3,4,2,Danny Dice Rolls,Omarion Hampton,False
2025,25,3,5,10,We Are Rolling High,Tee Higgins,False
2025,26,3,6,4,Forgotten Burrows,Terry McLaurin,False
2025,27,3,7,1,Heroic Inspiration,James Cook III,False
2025,28,3,8,8,"I Don't Care, I Cast Fireball",Ladd McConkey,False
2025,29,3,9,9,Paladins of the Pancreas,Josh Allen,False
2025,30,3,10,5,Constitution Check Downs,Kyren Williams,False
2025,31,4,1,5,Constitution Check Downs,Alvin Kamara,False
2025,32,4,2,9,Paladins of the Pancreas,George Kittle,False
2025,33,4,3,8,"I Don't Care, I Cast Fireball",TreVeyon Henderson,False
2025,34,4,4,1,Heroic Inspiration,Lamar Jackson,False
2025,35,4,5,4,Forgotten Burrows,Jaxon Smith-Njigba,False
2025,36,4,6,10,We Are Rolling High,Trey McBride,False
2025,37,4,7,2,Danny Dice Rolls,Marvin Harrison Jr.,False
2025,38,4,8,7,Roll for Yardage,Kenneth Walker III,False
2025,39,4,9,3,Hunters and renfrow,Davante Adams,False
2025,40,4,10,6,NameOfCurseWarding,James Conner,False
2025,41,5,1,6,NameOfCurseWarding,Jalen Hurts,False
2025,42,5,2,3,Hunters and renfrow,Breece Hall,False
2025,43,5,3,7,Roll for Yardage,DK Metcalf,False
2025,44,5,4,2,Danny Dice Rolls,Jameson Williams,False
2025,45,5,5,10,We Are Rolling High,Jayden Daniels,False
2025,46,5,6,4,Forgotten Burrows,Zay Flowers,False
2025,47,5,7,1,Heroic Inspiration,Garrett Wilson,False
2025,48,5,8,8,"I Don't Care, I Cast Fireball",Mike Evans,False
2025,49,5,9,9,Paladins of the Pancreas,Calvin Ridley,False
2025,50,5,10,5,Constitution Check Downs,Tyreek Hill,False
2025,51,6,1,5,Constitution Check Downs,DeVonta Smith,False
2025,52,6,2,9,Paladins of the Pancreas,Tetairoa McMillan,False
2025,53,6,3,8,"I Don't Care, I Cast Fireball",Courtland Sutton,False
2025,54,6,4,1,Heroic Inspiration,RJ Harvey,False
2025,55,6,5,4,Forgotten Burrows,Joe Burrow,False
2025,56,6,6,10,We Are Rolling High,D'Andre Swift,False
2025,57,6,7,2,Danny Dice Rolls,George Pickens,False
2025,58,6,8,7,Roll for Yardage,David Montgomery,False
2025,59,6,9,3,Hunters and renfrow,Sam LaPorta,False
2025,60,6,10,6,NameOfCurseWarding,Xavier Worthy,False
2025,61,7,1,6,NameOfCurseWarding,Aaron Jones Sr.,False
2025,62,7,2,3,Hunters and renfrow,Tony Pollard,False
2025,63,7,3,7,Roll for Yardage,Kaleb Johnson,False
2025,64,7,4,2,Danny Dice Rolls,Jaylen Waddle,False
2025,65,7,5,10,We Are Rolling High,DJ Moore,False
2025,66,7,6,4,Forgotten Burrows,Rome Odunze,False
2025,67,7,7,1,Heroic Inspiration,Jacory Croskey-Merritt,False
2025,68,7,8,8,"I Don't Care, I Cast Fireball",Tyrone Tracy Jr.,False
2025,69,7,9,9,Paladins of the Pancreas,Jaylen Warren,False
2025,70,7,10,5,Constitution Check Downs,Isiah Pacheco,False
2025,71,8,1,5,Constitution Check Downs,Jerry Jeudy,False
2025,72,8,2,9,Paladins of the Pancreas,J.K. Dobbins,False
2025,73,8,3,8,"I Don't Care, I Cast Fireball",Baker Mayfield,False
2025,74,8,4,1,Heroic Inspiration,Jordan Mason,False
2025,75,8,5,4,Forgotten Burrows,Ricky Pearsall,False
2025,76,8,6,10,We Are Rolling High,Rashee Rice,False
2025,77,8,7,2,Danny Dice Rolls,Emeka Egbuka,False
2025,78,8,8,7,Roll for Yardage,Bo Nix,False
2025,79,8,9,3,Hunters and renfrow,Patrick Mahomes,False
2025,80,8,10,6,NameOfCurseWarding,Rhamondre Stevenson,False
2025,81,9,1,6,NameOfCurseWarding,Jakobi Meyers,False
2025,82,9,2,3,Hunters and renfrow,Chris Olave,False
2025,83,9,3,7,Roll for Yardage,Deebo Samuel,False
2025,84,9,4,2,Danny Dice Rolls,T.J. Hockenson,False
2025,85,9,5,10,We Are Rolling High,Travis Hunter,False
2025,86,9,6,4,Forgotten Burrows,Cam Skattebo,False
2025,87,9,7,1,Heroic Inspiration,Zach Charbonnet,False
2025,88,9,8,8,"I Don't Care, I Cast Fireball",Matthew Golden,False
2025,89,9,9,9,Paladins of the Pancreas,Keon Coleman,False
2025,90,9,10,5,Constitution Check Downs,Tyler Warren,False
2025,91,10,1,5,Constitution Check Downs,Chris Godwin Jr.,False
2025,92,10,2,9,Paladins of the Pancreas,Trey Benson,False
2025,93,10,3,8,"I Don't Care, I Cast Fireball",Cooper Kupp,False
2025,94,10,4,1,Heroic Inspiration,Mark Andrews,False
2025,95,10,5,4,Forgotten Burrows,Travis Kelce,False
2025,96,10,6,10,We Are Rolling High,Javonte Williams,False
2025,97,10,7,2,Danny Dice Rolls,Travis Etienne Jr.,False
2025,98,10,8,7,Roll for Yardage,David Njoku,False
2025,99,10,9,3,Hunters and renfrow,Jauan Jennings,False
2025,100,10,10,6,NameOfCurseWarding,Austin Ekeler,False
2025,101,11,1,6,NameOfCurseWarding,Stefon Diggs,False
2025,102,11,2,3,Hunters and renfrow,Nick Chubb,False
2025,103,11,3,7,Roll for Yardage,Tank Bigsby,False
2025,104,11,4,2,Danny Dice Rolls,Dak Prescott,False
2025,105,11,5,10,We Are Rolling High,Michael Pittman Jr.,False
2025,106,11,6,4,Forgotten Burrows,Rashid Shaheed,False
2025,107,11,7,1,Heroic Inspiration,Jordan Addison,False
2025,108,11,8,8,"I Don't Care, I Cast Fireball",Jerome Ford,False
2025,109,11,9,9,Paladins of the Pancreas,Bhayshul Tuten,False
2025,110,11,10,5,Constitution Check Downs,Jaydon Blue,False
2025,111,12,1,5,Constitution Check Downs,Justin Herbert,False
2025,112,12,2,9,Paladins of the Pancreas,Keenan Allen,False
2025,113,12,3,8,"I Don't Care, I Cast Fireball",Evan Engram,False
2025,114,12,4,1,Heroic Inspiration,Braelon Allen,False
2025,115,12,5,4,Forgotten Burrows,Najee Harris,False
2025,116,12,6,10,We Are Rolling High,Khalil Shakir,False
2025,117,12,7,2,Danny Dice Rolls,Quinshon Judkins,False
2025,118,12,8,7,Roll for Yardage,Josh Downs,False
2025,119,12,9,3,Hunters and renfrow,Darnell Mooney,False
2025,120,12,10,6,NameOfCurseWarding,Rachaad White,False
2025,121,13,1,6,NameOfCurseWarding,Brock Purdy,False
2025,122,13,2,3,Hunters and renfrow,Hunter Renfrow,False
2025,123,13,3,7,Roll for Yardage,Kyle Monangai,False
2025,124,13,4,2,Danny Dice Rolls,Broncos D/ST,False
2025,125,13,5,10,We Are Rolling High,Kyler Murray,False
2025,126,13,6,4,Forgotten Burrows,Brian Robinson Jr.,False
2025,127,13,7,1,Heroic Inspiration,Marvin Mims Jr.,False
2025,128,13,8,8,"I Don't Care, I Cast Fireball",Jayden Higgins,False
2025,129,13,9,9,Paladins of the Pancreas,Ollie Gordon II,False
2025,130,13,10,5,Constitution Check Downs,Isaac TeSlaa,False
2025,131,14,1,5,Constitution Check Downs,Vikings D/ST,False
2025,132,14,2,9,Paladins of the Pancreas,Wan'Dale Robinson,False
2025,133,14,3,8,"I Don't Care, I Cast Fireball",Texans D/ST,False
2025,134,14,4,1,Heroic Inspiration,Ray Davis,False
2025,135,14,5,4,Forgotten Burrows,Steelers D/ST,False
2025,136,14,6,10,We Are Rolling High,Dylan Sampson,False
2025,137,14,7,2,Danny Dice Rolls,Tyler Allgeier,False
2025,138,14,8,7,Roll for Yardage,Cedric Tillman,False
2025,139,14,9,3,Hunters and renfrow,Ravens D/ST,False
2025,140,14,10,6,NameOfCurseWarding,Jayden Reed,False
2025,141,15,1,6,NameOfCurseWarding,Colston Loveland,False
2025,142,15,2,3,Hunters and renfrow,Joe Mixon,False
2025,143,15,3,7,Roll for Yardage,Brandon Aubrey,False
2025,144,15,4,2,Danny Dice Rolls,Romeo Doubs,False
2025,145,15,5,10,We Are Rolling High,Xavier Legette,False
2025,146,15,6,4,Forgotten Burrows,Caleb Williams,False
2025,147,15,7,1,Heroic Inspiration,Eagles D/ST,False
2025,148,15,8,8,"I Don't Care, I Cast Fireball",Drake Maye,False
2025,149,15,9,9,Paladins of the Pancreas,Dalton Kincaid,False
2025,150,15,10,5,Constitution Check Downs,DeMario Douglas,False
2025,151,16,1,5,Constitution Check Downs,Matt Gay,False
2025,152,16,2,9,Paladins of the Pancreas,Seahawks D/ST,False
2025,153,16,3,8,"I Don't Care, I Cast Fireball",DeAndre Hopkins,False
2025,154,16,4,1,Heroic Inspiration,Cameron Dicker,False
2025,155,16,5,4,Forgotten Burrows,Tucker Kraft,False
2025,156,16,6,10,We Are Rolling High,Patriots D/ST,False
2025,157,16,7,2,Danny Dice Rolls,Jake Bates,False
2025,158,16,8,7,Roll for Yardage,MarShawn Lloyd,False
2025,159,16,9,3,Hunters and renfrow,Tyler Bass,False
2025,160,16,10,6,NameOfCurseWarding,Lions D/ST,False
2025,161,17,1,6,NameOfCurseWarding,Jake Elliott,False
2025,162,17,2,3,Hunters and renfrow,Kyle Pitts Sr.,False
2025,163,17,3,7,Roll for Yardage,Woody Marks,False
2025,164,17,4,2,Danny Dice Rolls,Jordan Love,False
2025,165,17,5,10,We Are Rolling High,Chase McLaughlin,False
2025,166,17,6,4,Forgotten Burrows,Chris Boswell,False
2025,167,17,7,1,Heroic Inspiration,Will Shipley,False
2025,168,17,8,8,"I Don't Care, I Cast Fireball",Elic Ayomanor,False
2025,169,17,9,9,Paladins of the Pancreas,Harrison Butker,False
2025,170,17,10,5,Constitution Check Downs,J.J. McCarthy,False
