season,team_id,player_id,player_name,position,pro_team,slot,injury_status,proj_avg,proj_week,proj_next,bye_week
2026,1,-16034,Texans D/ST,D/ST,HOU,D/ST,NORMAL,6.1,4,6.16,8
2026,1,2971573,Ka'imi Fairbairn,K,HOU,K,ACTIVE,5.56,4,5.98,8
2026,1,3042519,Aaron Jones Sr.,RB,MIN,RB,ACTIVE,10.29,4,16.01,6
2026,1,3126486,Deebo Samuel Sr.,WR,SF,BE,ACTIVE,9.3,4,9.01,8
2026,1,3912547,Sam Darnold,QB,SEA,BE,ACTIVE,15.01,4,15.76,11
2026,1,3918298,Josh Allen,QB,BUF,QB,ACTIVE,22.16,4,21.85,7
2026,1,4241474,Brian Robinson Jr.,RB,ATL,BE,ACTIVE,5.6,4,5.77,11
2026,1,4360939,Rashod Bateman,WR,BAL,BE,ACTIVE,6.58,4,6.69,13
2026,1,4429025,Quentin Johnston,WR,LAC,BE,ACTIVE,7.49,4,7.03,7
2026,1,4430737,Kyren Williams,RB,LAR,RB,ACTIVE,12.53,4,11.73,11
2026,1,4430878,Jaxon Smith-Njigba,WR,SEA,WR,ACTIVE,17.19,4,17.35,11
2026,1,4432620,Parker Washington,WR,JAX,WR,ACTIVE,12.84,4,12.74,7
2026,1,4567750,Emeka Egbuka,WR,TB,BE,ACTIVE,9.49,4,9.45,10
2026,1,4569603,Malik Washington,WR,MIA,BE,ACTIVE,8.96,4,8.46,6
2026,1,4678008,Jonathon Brooks,RB,CAR,IR,INJURY_RESERVE,0.0,4,0.0,5
2026,1,4685382,Omarion Hampton,RB,LAC,RB,ACTIVE,11.46,4,9.85,7
2026,1,4685512,Jadarian Price,RB,SEA,BE,QUESTIONABLE,10.28,4,9.17,11
2026,1,4688813,Josh Downs,WR,IND,RB/WR/TE,ACTIVE,8.87,4,11.07,13
2026,1,4701936,Matthew Golden,WR,GB,RB/WR/TE,ACTIVE,11.06,4,10.59,11
2026,1,4702555,Jonah Coleman,RB,DEN,IR,INJURY_RESERVE,0.0,4,0.0,10
2026,1,4832800,Denzel Boston,WR,CLE,BE,ACTIVE,8.9,4,8.57,11
2026,1,5083076,Harold Fannin Jr.,TE,CLE,TE,ACTIVE,9.14,4,8.86,11
2026,2,-16029,Panthers D/ST,D/ST,CAR,D/ST,NORMAL,4.58,4,4.74,5
2026,2,-16014,Rams D/ST,D/ST,LAR,D/ST,NORMAL,5.86,4,7.1,11
2026,2,-16013,Raiders D/ST,D/ST,LV,BE,NORMAL,5.51,4,5.84,13
2026,2,16800,Davante Adams,WR,LAR,WR,ACTIVE,12.6,4,12.29,11
2026,2,3117251,Christian McCaffrey,RB,SF,RB,ACTIVE,17.91,4,17.84,8
2026,2,3117256,Dalton Schultz,TE,HOU,BE,ACTIVE,6.55,4,6.97,8
2026,2,3917232,Tyler Bass,K,BUF,K,ACTIVE,5.51,4,5.54,7
2026,2,4040715,Jalen Hurts,QB,PHI,BE,ACTIVE,18.72,4,17.38,10
2026,2,4360689,Tyler Shough,QB,NO,QB,ACTIVE,17.92,4,18.23,8
2026,2,4361307,Trey McBride,TE,ARI,TE,ACTIVE,13.54,4,13.71,14
2026,2,4361370,Chris Olave,WR,NO,WR,ACTIVE,13.19,4,15.01,8
2026,2,4361432,Romeo Doubs,WR,NE,BE,ACTIVE,6.46,4,8.04,11
2026,2,4362238,Chase Brown,RB,CIN,RB,ACTIVE,14.98,4,14.23,6
2026,2,4426388,Jameson Williams,WR,DET,BE,ACTIVE,8.76,4,8.7,6
2026,2,4570037,Terrance Ferguson,TE,LAR,BE,DOUBTFUL,6.3,4,6.08,11
2026,2,4575131,Jacory Croskey-Merritt,RB,WSH,RB/WR/TE,ACTIVE,8.12,4,8.91,7
2026,2,4597500,Adonai Mitchell,WR,NYJ,BE,DOUBTFUL,8.85,4,0.0,13
2026,2,4599739,Kendre Miller,RB,NO,RB/WR/TE,ACTIVE,3.25,4,8.04,8
2026,2,4686658,Mike Washington Jr.,RB,LV,BE,ACTIVE,3.06,4,3.06,13
2026,2,4710714,De'Zhaun Stribling,WR,SF,IR,INJURY_RESERVE,0.0,4,0.0,8
2026,2,4832955,Emmett Johnson,RB,KC,BE,ACTIVE,4.49,4,4.55,5
2026,2,5083315,Kenyon Sadiq,TE,NYJ,BE,QUESTIONABLE,7.9,4,7.78,13
2026,3,-16026,Seahawks D/ST,D/ST,SEA,D/ST,NORMAL,6.13,4,7.95,11
2026,3,3046439,Hunter Henry,TE,NE,BE,ACTIVE,6.93,4,7.14,11
2026,3,3054850,Alvin Kamara,RB,NO,BE,ACTIVE,7.1,4,9.13,8
2026,3,3139477,Patrick Mahomes,QB,KC,QB,ACTIVE,18.38,4,18.52,5
2026,3,3929630,Saquon Barkley,RB,PHI,RB,ACTIVE,14.22,4,13.21,10
2026,3,4034949,Eddy Pineiro,K,SF,K,ACTIVE,5.89,4,5.75,8
2026,3,4035687,Michael Pittman Jr.,WR,PIT,BE,ACTIVE,7.85,4,7.54,9
2026,3,4241389,CeeDee Lamb,WR,DAL,WR,ACTIVE,14.18,4,13.61,14
2026,3,4371733,Kenny Gainwell,RB,TB,BE,ACTIVE,6.67,4,6.78,10
2026,3,4373626,Tyler Allgeier,RB,ARI,BE,ACTIVE,6.66,4,6.99,14
2026,3,4427366,Breece Hall,RB,NYJ,RB,DOUBTFUL,14.78,4,0.0,13
2026,3,4430027,Sam LaPorta,TE,DET,TE,ACTIVE,9.08,4,8.97,6
2026,3,4431299,Rome Odunze,WR,CHI,RB/WR/TE,ACTIVE,8.42,4,8.42,10
2026,3,4595348,Malik Nabers,WR,NYG,WR,ACTIVE,10.65,4,11.37,8
2026,3,4683062,Xavier Worthy,WR,KC,BE,ACTIVE,8.22,4,8.23,5
2026,3,4685702,Quinshon Judkins,RB,CLE,RB/WR/TE,ACTIVE,11.63,4,11.36,11
2026,3,4871023,Carnell Tate,WR,TEN,BE,ACTIVE,9.76,4,9.58,9
2026,4,-16024,Chargers D/ST,D/ST,LAC,D/ST,NORMAL,5.0,4,5.84,7
2026,4,2976212,Stefon Diggs,WR,WSH,RB/WR/TE,ACTIVE,8.61,4,9.22,7
2026,4,3055899,Harrison Butker,K,KC,K,ACTIVE,5.54,4,5.51,5
2026,4,4047365,Josh Jacobs,RB,GB,BE,DAY_TO_DAY,11.76,4,0.0,11
2026,4,4262921,Justin Jefferson,WR,MIN,WR,QUESTIONABLE,15.96,4,15.39,6
2026,4,4360248,Kyle Pitts Sr.,TE,ATL,BE,ACTIVE,5.74,4,5.86,11
2026,4,4379399,James Cook III,RB,BUF,RB,ACTIVE,16.04,4,16.26,7
2026,4,4426354,George Pickens,WR,DAL,WR,ACTIVE,11.69,4,11.2,14
2026,4,4431611,Caleb Williams,QB,CHI,BE,DOUBTFUL,17.23,4,0.0,10
2026,4,4432577,C.J. Stroud,QB,HOU,QB,ACTIVE,15.06,4,16.55,8
2026,4,4432708,Marvin Harrison Jr.,WR,ARI,BE,ACTIVE,5.2,4,5.29,14
2026,4,4432773,Brian Thomas Jr.,WR,JAX,BE,ACTIVE,6.94,4,6.89,7
2026,4,4568490,RJ Harvey,RB,DEN,BE,ACTIVE,8.5,4,8.15,10
2026,4,4696044,Kaelon Black,RB,SF,BE,ACTIVE,5.1,4,5.18,8
2026,4,4723086,Colston Loveland,TE,CHI,TE,ACTIVE,6.98,4,7.04,10
2026,4,4870808,Jeremiyah Love,RB,ARI,RB,ACTIVE,13.3,4,14.1,14
2026,4,4882093,Bhayshul Tuten,RB,JAX,RB/WR/TE,ACTIVE,11.89,4,11.74,7
2026,5,-16021,Eagles D/ST,D/ST,PHI,D/ST,NORMAL,6.11,4,6.35,10
2026,5,-16007,Broncos D/ST,D/ST,DEN,BE,NORMAL,5.86,4,5.52,10
2026,5,-16002,Bills D/ST,D/ST,BUF,D/ST,NORMAL,5.24,4,7.96,7
2026,5,17427,Cairo Santos,K,CHI,K,ACTIVE,5.1,4,5.17,10
2026,5,3116165,Chris Godwin Jr.,WR,TB,BE,ACTIVE,6.16,4,5.71,10
2026,5,3121023,Dallas Goedert,TE,PHI,IR,DOUBTFUL,8.84,4,0.0,10
2026,5,3916387,Lamar Jackson,QB,BAL,QB,ACTIVE,21.56,4,20.93,13
2026,5,3929645,Juwan Johnson,TE,NO,TE,ACTIVE,8.08,4,8.57,8
2026,5,4032473,Rashid Shaheed,WR,SEA,BE,ACTIVE,6.96,4,7.06,11
2026,5,4047646,A.J. Brown,WR,NE,IR,INJURY_RESERVE,11.45,4,0.0,11
2026,5,4241416,Chuba Hubbard,RB,CAR,RB/WR/TE,ACTIVE,13.31,4,14.8,5
2026,5,4242335,Jonathan Taylor,RB,IND,RB,ACTIVE,18.06,4,18.77,13
2026,5,4361579,Javonte Williams,RB,DAL,RB,ACTIVE,14.3,4,13.14,14
2026,5,4372016,Jaylen Waddle,WR,DEN,WR,ACTIVE,9.67,4,9.46,10
2026,5,4428850,Dontayvion Wicks,WR,PHI,RB/WR/TE,ACTIVE,7.5,4,8.14,10
2026,5,4429023,MarShawn Lloyd,RB,GB,BE,ACTIVE,6.5,4,5.91,11
2026,5,4429059,Woody Marks,RB,HOU,BE,ACTIVE,6.96,4,7.42,8
2026,5,4569559,Devaughn Vele,WR,NO,WR,ACTIVE,6.08,4,8.71,8
2026,5,4572680,Tucker Kraft,TE,GB,BE,ACTIVE,7.16,4,6.9,11
2026,5,4685720,Bryce Young,QB,CAR,BE,ACTIVE,16.79,4,19.99,5
2026,6,-16012,Chiefs D/ST,D/ST,KC,BE,NORMAL,5.7,4,6.77,5
2026,6,-16008,Lions D/ST,D/ST,DET,BE,NORMAL,5.01,4,6.12,6
2026,6,-16003,Bears D/ST,D/ST,CHI,D/ST,NORMAL,5.34,4,7.43,10
2026,6,15818,Keenan Allen,WR,IND,BE,QUESTIONABLE,7.77,4,8.9,13
2026,6,2473037,Jason Myers,K,SEA,K,ACTIVE,5.85,4,6.1,11
2026,6,3121422,Terry McLaurin,WR,WSH,RB/WR/TE,ACTIVE,10.19,4,10.85,7
2026,6,4036378,Jordan Love,QB,GB,BE,ACTIVE,15.85,4,14.47,11
2026,6,4038815,Rico Dowdle,RB,PIT,BE,OUT,8.06,4,0.0,9
2026,6,4239993,Tee Higgins,WR,CIN,RB/WR/TE,ACTIVE,11.38,4,11.24,6
2026,6,4241478,DeVonta Smith,WR,PHI,WR,QUESTIONABLE,13.28,4,12.46,10
2026,6,4360635,Chig Okonkwo,TE,WSH,BE,QUESTIONABLE,5.3,4,5.23,7
2026,6,4362249,Jayden Reed,WR,GB,IR,INJURY_RESERVE,7.59,4,0.0,11
2026,6,4374302,Amon-Ra St. Brown,WR,DET,WR,ACTIVE,16.59,4,16.45,6
2026,6,4385690,Dalton Kincaid,TE,BUF,TE,ACTIVE,8.76,4,8.58,7
2026,6,4428557,Tyjae Spears,RB,TEN,BE,QUESTIONABLE,7.54,4,6.7,9
2026,6,4429013,Tank Bigsby,RB,PHI,BE,ACTIVE,2.84,4,2.63,10
2026,6,4431452,Drake Maye,QB,NE,QB,ACTIVE,16.84,4,17.16,11
2026,6,4432710,TreVeyon Henderson,RB,NE,RB,ACTIVE,8.96,4,8.73,11
2026,6,4567048,Kenneth Walker III,RB,KC,RB,ACTIVE,18.59,4,18.83,5
2026,6,5081397,Dylan Sampson,RB,CLE,IR,INJURY_RESERVE,0.0,4,0.0,11
2026,7,-16033,Ravens D/ST,D/ST,BAL,D/ST,NORMAL,5.8,4,7.18,13
2026,7,-16009,Packers D/ST,D/ST,GB,D/ST,NORMAL,4.67,4,7.21,11
2026,7,2577417,Dak Prescott,QB,DAL,QB,ACTIVE,18.55,4,17.1,14
2026,7,3953687,Brandon Aubrey,K,DAL,K,ACTIVE,6.22,4,5.79,14
2026,7,4248528,Christian Watson,WR,GB,WR,ACTIVE,12.54,4,12.03,11
2026,7,4258173,Nico Collins,WR,HOU,BE,QUESTIONABLE,13.28,4,12.59,8
2026,7,4259545,D'Andre Swift,RB,CHI,RB,QUESTIONABLE,12.94,4,13.49,10
2026,7,4360761,Michael Wilson,WR,ARI,RB/WR/TE,ACTIVE,10.66,4,10.8,14
2026,7,4362478,Emari Demercado,RB,DAL,BE,ACTIVE,0.0,4,0.0,14
2026,7,4426348,Jayden Daniels,QB,WSH,IR,QUESTIONABLE,19.05,4,0.0,7
2026,7,4429096,Blake Corum,RB,LAR,BE,ACTIVE,8.1,4,7.54,11
2026,7,4429795,Jahmyr Gibbs,RB,DET,RB,ACTIVE,23.62,4,23.67,6
2026,7,4432665,Brock Bowers,TE,LV,TE,ACTIVE,12.22,4,12.63,13
2026,7,4569618,Garrett Wilson,WR,NYJ,WR,ACTIVE,12.24,4,13.18,13
2026,7,4685278,Luther Burden III,WR,CHI,RB/WR/TE,ACTIVE,10.06,4,10.09,10
2026,7,4695883,Jalen Coker,WR,CAR,BE,QUESTIONABLE,11.31,4,10.66,5
2026,7,4697815,Rachaad White,RB,WSH,BE,QUESTIONABLE,7.23,4,7.2,7
2026,7,4869961,Chris Bell,WR,MIA,BE,QUESTIONABLE,6.23,4,6.99,6
2026,7,4870653,KC Concepcion,WR,CLE,BE,ACTIVE,7.83,4,7.55,11
2026,7,4880281,Jordyn Tyson,WR,NO,IR,INJURY_RESERVE,8.7,4,0.0,8
2026,8,-16004,Bengals D/ST,D/ST,CIN,D/ST,NORMAL,5.48,4,6.24,6
2026,8,12483,Matthew Stafford,QB,LAR,BE,ACTIVE,17.4,4,16.3,11
2026,8,15847,Travis Kelce,TE,KC,TE,ACTIVE,9.51,4,9.51,5
2026,8,2973405,Kalif Raymond,WR,CHI,BE,ACTIVE,7.74,4,7.77,10
2026,8,3128429,Courtland Sutton,WR,DEN,BE,ACTIVE,8.82,4,8.6,10
2026,8,3915416,DJ Moore,WR,BUF,BE,QUESTIONABLE,11.84,4,10.79,7
2026,8,3917315,Kyler Murray,QB,MIN,QB,ACTIVE,17.37,4,18.97,6
2026,8,4035538,David Montgomery,RB,HOU,RB/WR/TE,ACTIVE,11.54,4,12.45,8
2026,8,4241985,J.K. Dobbins,RB,DEN,BE,ACTIVE,10.67,4,9.53,10
2026,8,4360234,Evan McPherson,K,CIN,K,ACTIVE,5.43,4,5.25,6
2026,8,4426515,Puka Nacua,WR,LAR,WR,QUESTIONABLE,18.66,4,16.86,11
2026,8,4428331,Rashee Rice,WR,KC,WR,ACTIVE,12.08,4,12.08,5
2026,8,4428718,Tre Tucker,WR,LV,BE,ACTIVE,7.41,4,8.03,13
2026,8,4429205,Jordan Addison,WR,MIN,BE,ACTIVE,9.21,4,9.65,6
2026,8,4569987,Jaylen Warren,RB,PIT,RB,ACTIVE,12.56,4,14.84,9
2026,8,4685247,Braelon Allen,RB,NYJ,RB/WR/TE,ACTIVE,6.18,4,11.84,13
2026,8,4696981,Cam Skattebo,RB,NYG,RB,ACTIVE,12.63,4,14.72,8
2026,8,4711533,Ollie Gordon II,RB,MIA,BE,ACTIVE,9.71,4,8.0,6
2026,8,4870795,Makai Lemon,WR,PHI,BE,ACTIVE,4.7,4,5.81,10
2026,9,-16023,Steelers D/ST,D/ST,PIT,D/ST,NORMAL,6.44,4,8.23,9
2026,9,2991662,Mack Hollins,WR,NE,BE,ACTIVE,4.98,4,7.83,11
2026,9,3042519,Aaron Jones Sr.,RB,MIN,RB,ACTIVE,10.33,4,16.09,6
2026,9,3043078,Derrick Henry,RB,BAL,RB,ACTIVE,18.17,4,19.5,13
2026,9,4038941,Justin Herbert,QB,LAC,BE,ACTIVE,13.88,4,12.15,7
2026,9,4239996,Travis Etienne Jr.,RB,NO,IR,INJURY_RESERVE,11.4,4,0.0,8
2026,9,4360310,Trevor Lawrence,QB,JAX,QB,ACTIVE,18.74,4,18.28,7
2026,9,4360569,Jordan Mason,RB,MIN,IR,INJURY_RESERVE,10.13,4,0.0,6
2026,9,4361050,Isaiah Likely,TE,NYG,BE,ACTIVE,8.98,4,9.57,8
2026,9,4362628,Ja'Marr Chase,WR,CIN,WR,ACTIVE,16.66,4,16.49,6
2026,9,4426502,Drake London,WR,ATL,WR,ACTIVE,13.38,4,13.66,11
2026,9,4431459,Tyler Warren,TE,IND,TE,ACTIVE,9.49,4,10.36,13
2026,9,4569173,Rhamondre Stevenson,RB,NE,RB/WR/TE,ACTIVE,10.25,4,10.13,11
2026,9,4608686,Kyle Monangai,RB,CHI,BE,ACTIVE,7.33,4,7.64,10
2026,9,4612826,Ladd McConkey,WR,LAC,RB/WR/TE,QUESTIONABLE,9.59,4,9.16,7
2026,9,4682648,Malachi Fields,WR,NYG,BE,ACTIVE,6.09,4,6.5,8
2026,9,4682745,Jaylen Wright,RB,MIA,BE,ACTIVE,8.38,4,6.58,6
2026,9,4688813,Josh Downs,WR,IND,RB/WR/TE,ACTIVE,8.91,4,11.1,13
2026,9,4695404,Isaiah Davis,RB,NYJ,BE,ACTIVE,8.26,4,8.26,13
2026,9,4697745,Tyler Loop,K,BAL,K,ACTIVE,5.58,4,5.97,13
2026,9,4819231,Kaleb Johnson,RB,GB,BE,ACTIVE,3.71,4,6.51,11
2026,9,4887558,Emanuel Wilson,RB,SEA,BE,ACTIVE,8.58,4,9.22,11
2026,10,-16016,Vikings D/ST,D/ST,MIN,D/ST,NORMAL,6.57,4,8.49,6
2026,10,16737,Mike Evans,WR,SF,BE,QUESTIONABLE,11.5,4,9.81,8
2026,10,3040151,George Kittle,TE,SF,TE,ACTIVE,11.63,4,11.27,8
2026,10,3046779,Jared Goff,QB,DET,BE,ACTIVE,17.15,4,17.01,6
2026,10,3116164,Mike Gesicki,TE,CIN,BE,ACTIVE,5.98,4,5.95,6
2026,10,3915511,Joe Burrow,QB,CIN,BE,ACTIVE,18.55,4,17.86,6
2026,10,3916148,Tony Pollard,RB,TEN,BE,ACTIVE,12.29,4,10.68,9
2026,10,3916433,Jakobi Meyers,WR,JAX,RB/WR/TE,QUESTIONABLE,9.53,4,8.79,7
2026,10,4047650,DK Metcalf,WR,PIT,BE,ACTIVE,8.75,4,8.45,9
2026,10,4361741,Brock Purdy,QB,SF,QB,ACTIVE,19.32,4,18.55,8
2026,10,4373678,Khalil Shakir,WR,BUF,BE,ACTIVE,8.05,4,7.88,7
2026,10,4426385,Zach Charbonnet,RB,SEA,IR,OUT,12.09,4,0.0,11
2026,10,4429615,Zay Flowers,WR,BAL,WR,ACTIVE,13.72,4,12.94,13
2026,10,4430807,Bijan Robinson,RB,ATL,RB,ACTIVE,18.84,4,19.31,11
2026,10,4596448,Bucky Irving,RB,TB,RB/WR/TE,QUESTIONABLE,15.69,4,15.27,10
2026,10,4685472,Tetairoa McMillan,WR,CAR,WR,ACTIVE,11.35,4,12.7,5
2026,10,4869461,Trey Smack,K,GB,K,ACTIVE,5.17,4,4.79,11
2026,10,4890973,Ashton Jeanty,RB,LV,RB,ACTIVE,16.34,4,16.52,13
