season,week,team_id,opp_id
2026,1,1,9
2026,1,2,3
2026,1,3,2
2026,1,4,5
2026,1,5,4
2026,1,6,10
2026,1,7,8
2026,1,8,7
2026,1,9,1
2026,1,10,6
2026,2,1,5
2026,2,2,4
2026,2,3,9
2026,2,4,2
2026,2,5,1
2026,2,6,7
2026,2,7,6
2026,2,8,10
2026,2,9,3
2026,2,10,8
2026,3,1,2
2026,3,2,1
2026,3,3,7
2026,3,4,8
2026,3,5,10
2026,3,6,9
2026,3,7,3
2026,3,8,4
2026,3,9,6
2026,3,10,5
2026,4,1,8
2026,4,2,9
2026,4,3,10
2026,4,4,7
2026,4,5,6
2026,4,6,5
2026,4,7,4
2026,4,8,1
2026,4,9,2
2026,4,10,3
2026,5,1,7
2026,5,2,6
2026,5,3,5
2026,5,4,10
2026,5,5,3
2026,5,6,2
2026,5,7,1
2026,5,8,9
2026,5,9,8
2026,5,10,4
2026,6,1,10
2026,6,2,5
2026,6,3,4
2026,6,4,3
2026,6,5,2
2026,6,6,8
2026,6,7,9
2026,6,8,6
2026,6,9,7
2026,6,10,1
2026,7,1,3
2026,7,2,7
2026,7,3,1
2026,7,4,6
2026,7,5,8
2026,7,6,4
2026,7,7,2
2026,7,8,5
2026,7,9,10
2026,7,10,9
2026,8,1,6
2026,8,2,10
2026,8,3,8
2026,8,4,9
2026,8,5,7
2026,8,6,1
2026,8,7,5
2026,8,8,3
2026,8,9,4
2026,8,10,2
2026,9,1,9
2026,9,2,3
2026,9,3,2
2026,9,4,5
2026,9,5,4
2026,9,6,10
2026,9,7,8
2026,9,8,7
2026,9,9,1
2026,9,10,6
2026,10,1,5
2026,10,2,4
2026,10,3,9
2026,10,4,2
2026,10,5,1
2026,10,6,7
2026,10,7,6
2026,10,8,10
2026,10,9,3
2026,10,10,8
2026,11,1,2
2026,11,2,1
2026,11,3,7
2026,11,4,8
2026,11,5,10
2026,11,6,9
2026,11,7,3
2026,11,8,4
2026,11,9,6
2026,11,10,5
2026,12,1,4
2026,12,2,8
2026,12,3,6
2026,12,4,1
2026,12,5,9
2026,12,6,3
2026,12,7,10
2026,12,8,2
2026,12,9,5
2026,12,10,7
2026,13,1,8
2026,13,2,9
2026,13,3,10
2026,13,4,7
2026,13,5,6
2026,13,6,5
2026,13,7,4
2026,13,8,1
2026,13,9,2
2026,13,10,3
