season,team_id,team_name,wins,losses,ties,points_for,points_against,final_standing,playoff_pct,acquisitions,drops,trades,move_to_ir
2016,1,Tin Chicken Lives Matter,5,8,0,1179.0,1284.0,5,0,26,24,1,0
2016,2,I have the tin chicken,4,9,0,1018.0,1264.0,8,0,39,38,1,0
2016,3,Jet Fuel Can't Melt Tin Chickn,8,5,0,1279.0,1153.0,1,0,45,43,2,0
2016,4,Prestige Worldwide,4,9,0,1185.0,1290.0,6,0,6,6,0,0
2016,5,they got tin chken n philly?,12,1,0,1361.0,1017.0,2,0,12,12,0,0
2016,6,TINder Chicken Draft Date,6,5,2,1130.0,1163.0,7,0,14,14,0,0
2016,7,The NFL Team Owners,9,3,1,1266.0,1089.0,3,0,20,20,0,0
2016,8,Shiver Me Tin Chickens,4,9,0,995.0,1147.0,9,0,22,29,3,0
2016,9,Parm Farty Tin Chickens,7,6,0,1177.0,1105.0,4,0,11,12,1,0
2016,10,ALL DAY Johnnys,4,8,1,1136.0,1214.0,10,0,31,31,0,0
2017,1,Triple Crown Affirmed,4,8,0,1000.0,1117.0,9,0,35,35,0,0
2017,2,Honey Funches  Of Oats,4,8,0,1088.0,1074.0,7,0,33,32,10,0
2017,3,Jet Fuel Can't Melt Tin Chickn,8,4,0,1104.0,951.0,1,0,44,43,13,0
2017,4,Give me the hotdog baby,6,6,0,972.0,1083.0,6,0,4,4,1,0
2017,5,they got tin chken n philly?,7,5,0,1029.0,964.0,4,0,19,19,0,0
2017,6,Travis Kelce And the Boys,7,5,0,1031.0,1055.0,3,0,30,30,2,0
2017,7,Dontrelle Inman and the Necks,6,6,0,1049.0,1122.0,5,0,40,42,1,0
2017,8,Josh N Brian's Excellent Team,5,7,0,996.0,986.0,10,0,14,14,0,0
2017,9,On the 2nd Year He Ressurected,7,5,0,1165.0,1013.0,2,0,33,35,2,0
2017,10,ALL DAY Johnnys,6,6,0,986.0,1055.0,8,0,22,21,1,0
2018,1,Ice In My Veins,7,5,0,1217.68,1269.3,3,0,18,18,1,0
2018,2,UuHhhh myYyy gICEEE,7,5,0,1289.8,1117.5,4,0,53,51,3,0
2018,3,Jet Fuel Can't Evaporate Ice,5,7,0,1253.48,1357.52,7,0,43,41,5,0
2018,4,Give me the hotdog baby,5,7,0,1155.82,1128.34,10,0,7,7,2,0
2018,5,the iceman cometh,8,4,0,1318.94,1149.06,1,0,19,19,0,0
2018,6,Travis Kelce And the Boys,5,7,0,1081.6,1208.66,9,0,9,10,1,0
2018,7,smirn office,6,6,0,1219.5,1236.14,5,0,11,11,0,0
2018,8,Behind Blue Ice,5,7,0,1137.3000000000002,1249.3,8,0,36,40,5,0
2018,9,Antonio Cromarties Kids,5,7,0,1226.84,1271.84,6,0,28,28,2,0
2018,10,ALL DAY Johnnys,7,5,0,1221.2599999999998,1134.56,2,0,26,26,1,0
2019,1,Luck of  The Claw,6,6,0,1197.4799999999998,1193.08,5,0,30,29,1,0
2019,2,Claw and Order Spec Seltz Unit,7,5,0,1152.48,1133.2,6,0,53,50,7,0
2019,3,Jet Fuel Can't Melt White Claw,7,5,0,1309.18,1177.9,3,0,50,49,5,0
2019,4,Give me the hotdog baby,8,4,0,1144.4200000000003,1049.44,4,0,9,9,0,0
2019,5,No One is Above The Claw,1,11,0,948.14,1247.9,10,0,29,29,1,0
2019,6,Monday Night CLAW,3,9,0,1149.68,1237.86,9,0,23,22,3,0
2019,7,Black Claws matter,3,9,0,1133.5200000000002,1243.62,7,0,36,36,4,0
2019,8,Morty! I'm White Claw Rick,10,2,0,1217.94,1108.32,2,0,27,27,5,0
2019,9,Mr. Krab's Klaws,6,6,0,1273.12,1282.26,8,0,12,12,1,0
2019,10,ALL DAY Johnnys,9,3,0,1198.1,1050.48,1,0,25,25,1,0
2020,1,Beirut Explosiv Runners,6,6,0,1259.72,1333.44,5,0,39,38,2,5
2020,2,"Red, White, and COVID Positive",7,5,0,1329.7800000000002,1164.5,2,0,44,43,6,2
2020,3,Jet Fuel Can't Melt Ole Rona,9,3,0,1288.7,1117.48,1,0,57,52,8,12
2020,4,PDX Peaceful Protesters,6,6,0,1047.2,1157.06,7,0,6,5,4,3
2020,5,Drew Bree's Race War,5,7,0,1191.6999999999996,1219.58,6,0,32,31,1,8
2020,6,Coavoid Johnny,7,5,0,1208.66,1114.46,3,0,15,15,1,0
2020,7,Preexisting  Condition,3,9,0,1053.7199999999998,1160.9,8,0,77,76,4,11
2020,8,Billy Joel's Fire Starters,5,7,0,1152.84,1168.4,9,0,35,36,6,3
2020,9,Killer Hornets,7,5,0,1221.08,1187.08,4,0,39,39,1,3
2020,10,ALL DAY Johnnys,5,7,0,1037.44,1167.94,10,0,33,33,3,3
2021,1,Ye Johnny on a Winner's Boat,7,6,0,1253.1,1225.08,8,0,30,30,3,3
2021,2,WhatWillWeDoWit ATinChicken!,8,5,0,1293.86,1189.3,2,0,62,62,6,6
2021,3,Ball away  Joe,11,2,0,1495.0200000000002,1215.24,1,0,15,14,1,4
2021,4,Leave Her Johnny,4,9,0,1116.46,1257.74,9,0,16,16,2,2
2021,5,Raft Punk With a Chicken,7,6,0,1240.02,1190.74,6,0,32,30,1,6
2021,6,CMC Shanties,3,10,0,1068.0,1285.48,7,0,36,35,1,4
2021,7,Tuesday Night  Wellerman Calls,6,7,0,1357.86,1374.04,5,0,28,24,6,5
2021,8,Last of Kylers Privateers,7,6,0,1272.58,1328.5,4,0,44,44,3,2
2021,9,DJ's Locker Flying Dutchmen,8,5,0,1327.4,1360.08,3,0,40,38,2,2
2021,10,Fishing for The Ship Year,4,9,0,1268.48,1266.58,10,0,26,25,3,2
2022,1,Spray Tanned Six Packers,4,10,0,1162.3000000000002,1412.84,9,0,33,33,2,3
2022,2,Liftin Olave Da Weights,9,5,0,1452.6,1384.28,3,0,52,54,5,4
2022,3,Body builing  Podium finisher,4,10,0,1198.44,1350.82,6,0,12,13,1,0
2022,4,Cee Deez Traps MaHomie,7,7,0,1413.3,1368.96,5,0,9,9,1,2
2022,5,King Swole,8,6,0,1419.38,1265.36,4,0,28,29,0,3
2022,6,Certified Swole Boys,3,11,0,1190.3200000000002,1476.06,10,0,13,13,2,2
2022,7,Goosed Up Lil Buff Boys,10,4,0,1513.06,1323.2,1,0,46,48,2,7
2022,8,The Skeletrex Bone Flexers,8,6,0,1414.4799999999998,1304.02,8,0,44,48,3,2
2022,9,Gainesville Muscle Hampstrs,8,6,0,1354.64,1399.66,7,0,49,49,1,3
2022,10,Hundred Dollar Clown Baby,9,5,0,1556.74,1390.06,2,0,32,32,1,0
2023,1,The Allegheny Climb Hurts,9,4,0,1367.72,1186.14,3,0,25,23,2,3
2023,2,See Moore Mount-Caffreys,12,1,0,1490.6799999999996,1122.6,1,0,50,47,5,8
2023,3,Rocky Hill Oysters,5,8,0,1159.36,1168.76,6,0,12,12,3,3
2023,4,Mt. Field(s),0,13,0,1037.5,1431.26,7,0,11,11,2,2
2023,5,Appalachian Hill to die on,6,7,0,1380.12,1357.0,8,0,24,24,2,4
2023,6,MT KilledbyLamaro,10,3,0,1450.3000000000002,1274.46,2,0,6,6,0,0
2023,7,Appalachian Hillaineers,9,4,0,1350.6799999999998,1259.52,4,0,50,49,5,10
2023,8,The West Coast Hilltoppers,4,9,0,1170.48,1415.66,10,0,43,45,3,15
2023,9,Catskill Killers,5,8,0,1291.48,1401.64,9,0,33,30,2,5
2023,10,We Are Climbing High,5,8,0,1346.24,1427.52,5,0,18,18,0,0
2024,1,2 Brothers In a Chiefs Van,10,3,0,1312.66,1111.92,4,0,24,24,2,8
2024,2,Violent Tyreek Roadshow,6,7,0,1285.5200000000002,1237.84,8,0,37,32,8,5
2024,3,Three unmuscular Michaels jr.,3,10,0,1211.16,1419.9,10,0,5,6,2,1
2024,4,Ants In My Eyes Jackson,8,5,0,1313.94,1248.14,5,0,11,11,2,7
2024,5,Mike Evans down your Vincents,8,5,0,1365.44,1311.12,1,0,49,50,3,8
2024,6,MT KilledbyLamaro,1,12,0,1024.02,1418.4,9,0,19,18,1,5
2024,7,FootBall Fondlers,5,8,0,1439.64,1449.64,7,0,29,26,6,10
2024,8,Kittl' Bits,9,4,0,1303.9599999999996,1164.04,3,0,37,37,5,15
2024,9,Pirates of the Pancreas,8,5,0,1347.2000000000005,1256.72,2,0,21,20,3,4
2024,10,We Are Climbing High,7,6,0,1289.22,1275.04,6,0,16,17,2,5
2025,1,Heroic Inspiration,16,10,0,1336.0,1246.58,6,0,27,25,1,7
2025,2,Danny Dice Rolls,10,16,0,1257.88,1264.16,8,0,42,40,5,4
2025,3,Hunters and renfrow,11,15,0,1252.5,1268.08,7,0,5,4,1,4
2025,4,Forgotten Burrows,18,8,0,1442.6999999999998,1291.04,4,0,8,8,0,5
2025,5,Constitution Check Downs,16,10,0,1341.72,1237.06,1,0,46,45,3,5
2025,6,NameOfCurseWarding,6,20,0,1203.38,1372.12,9,0,13,12,1,4
2025,7,Roll for Yardage,19,7,0,1354.76,1283.58,3,0,57,56,4,8
2025,8,"I Don't Care, I Cast Fireball",4,22,0,1090.4199999999998,1408.68,10,0,59,58,5,9
2025,9,Paladins of the Pancreas,17,9,0,1367.04,1267.02,2,0,28,26,2,5
2025,10,We Are Rolling High,13,13,0,1313.42,1321.5,5,0,22,22,2,3
