season,week,team_id,team_name,projected,opp_id,opp_name,opp_projected,is_playoff
2026,4,1,Rapidash to the Endzone,116.18,8,Team Rocket,122.76,False
2026,4,2,Machampionship Bound,121.56,9,SlowKing Henry and Company,128.28,False
2026,4,3,Nine tails is hot,109.45,10,Brock,130.52,False
2026,4,4,Pickenschuuuuuuuuuu,112.85,7,J’Diglett Morgoones,128.46,False
2026,4,5,This isnt my final Eveelotution,115.65,6,GottaCatchaBall,117.83,False
2026,4,6,GottaCatchaBall,117.83,5,This isnt my final Eveelotution,115.65,False
2026,4,7,J’Diglett Morgoones,128.46,4,Pickenschuuuuuuuuuu,112.85,False
2026,4,8,Team Rocket,122.76,1,Rapidash to the Endzone,116.18,False
2026,4,9,SlowKing Henry and Company,128.28,2,Machampionship Bound,121.56,False
2026,4,10,Brock,130.52,3,Nine tails is hot,109.45,False
