season,week,kind,position,team_id,opp_id,pick_id,player_id,player_name,projected
2026,5,player,TE,1,,,5083076.0,Harold Fannin Jr.,9.58
2026,5,player,RB,2,,,4362238.0,Chase Brown,15.24
2026,5,matchup,,2,6.0,2.0,,,
2026,5,player,WR,3,,,4595348.0,Malik Nabers,11.12
2026,5,matchup,,3,5.0,3.0,,,
2026,5,player,FLEX,4,,,4882093.0,Bhayshul Tuten,12.93
2026,5,matchup,,7,1.0,7.0,,,
2026,5,player,QB,8,,,12483.0,Matthew Stafford,17.97
2026,5,matchup,,8,9.0,8.0,,,
2026,5,player,K,9,,,4697745.0,Tyler Loop,4.75
2026,5,matchup,,10,4.0,10.0,,,
