season,week,end_week,team_id,opp_id,pick_id,graded,source
2021,1,1,1,4,1,,preview
2021,1,1,2,9,9,,preview
2021,1,1,3,5,5,,preview
2021,1,1,6,10,6,,preview
2021,1,1,7,8,8,,preview
2021,2,2,1,5,1,,preview
2021,2,2,2,7,2,,preview
2021,2,2,3,10,10,,preview
2021,2,2,4,8,8,,preview
2021,2,2,6,9,9,,preview
2021,4,4,1,8,8,,preview
2021,4,4,2,5,2,,preview
2021,4,4,3,9,3,,preview
2021,4,4,4,6,4,,preview
2021,4,4,7,10,7,,preview
2021,5,5,1,2,2,,preview
2021,5,5,3,8,3,,preview
2021,5,5,4,10,4,,preview
2021,5,5,5,6,5,,preview
2021,5,5,7,9,7,,preview
2021,6,6,1,6,1,,preview
2021,6,6,2,8,2,,preview
2021,6,6,3,7,7,,preview
2021,6,6,4,9,9,,preview
2021,6,6,5,10,10,,preview
2021,7,7,1,10,10,,preview
2021,7,7,2,3,2,,preview
2021,7,7,4,7,7,,preview
2021,7,7,5,9,9,,preview
2021,7,7,6,8,8,,preview
2021,8,8,1,9,9,,preview
2021,8,8,2,6,2,,preview
2021,8,8,3,4,3,,preview
2021,8,8,5,7,7,,preview
2021,8,8,8,10,8,,preview
2021,9,9,1,7,7,,preview
2021,9,9,2,10,2,,preview
2021,9,9,3,6,3,,preview
2021,9,9,4,5,4,,preview
2021,9,9,8,9,9,,preview
2021,10,10,1,4,4,,preview
2021,10,10,2,9,2,,preview
2021,10,10,3,5,3,,preview
2021,10,10,6,10,6,,preview
2021,10,10,7,8,8,,preview
2021,11,11,1,5,1,,preview
2021,11,11,2,7,2,,preview
2021,11,11,3,10,3,,preview
2021,11,11,4,8,8,,preview
2021,11,11,6,9,9,,preview
2021,12,12,1,3,3,,preview
2021,12,12,2,4,2,,preview
2021,12,12,5,8,8,,preview
2021,12,12,6,7,7,,preview
2021,12,12,9,10,10,,preview
2021,13,13,1,8,1,,preview
2021,13,13,2,5,2,,preview
2021,13,13,3,9,3,,preview
2021,13,13,4,6,4,,preview
2021,13,13,7,10,7,,preview
2021,14,15,1,10,1,,preview
2021,14,15,2,9,2,,preview
2021,14,15,3,8,3,,preview
2021,14,17,4,6,4,,preview
2021,14,15,5,7,7,,preview
2021,16,17,1,5,5,,preview
2021,16,17,2,3,2,,preview
2021,16,17,7,10,7,,preview
2021,16,17,8,9,8,,preview
2022,1,1,1,4,1,,preview
2022,1,1,2,9,2,,preview
2022,1,1,3,5,3,,preview
2022,1,1,6,10,10,,preview
2022,1,1,7,8,8,,preview
2022,2,2,1,5,1,,preview
2022,2,2,2,7,7,,preview
2022,2,2,3,10,10,,preview
2022,2,2,4,8,4,,preview
2022,2,2,6,9,9,,preview
2022,3,3,1,3,1,,preview
2022,3,3,2,4,2,,preview
2022,3,3,5,8,8,,preview
2022,3,3,6,7,7,,preview
2022,3,3,9,10,9,,preview
2022,4,4,1,8,1,,video
2022,4,4,2,5,2,,preview
2022,4,4,3,9,9,,preview
2022,4,4,4,6,4,,preview
2022,4,4,7,10,7,,preview
2022,5,5,1,2,2,,preview
2022,5,5,3,8,8,,preview
2022,5,5,4,10,10,,preview
2022,5,5,5,6,6,,preview
2022,5,5,7,9,7,,preview
2022,6,6,1,6,1,,preview
2022,6,6,2,8,2,,preview
2022,6,6,3,7,7,,preview
2022,6,6,4,9,4,,preview
2022,6,6,5,10,5,,preview
2022,7,7,1,10,10,,preview
2022,7,7,2,3,3,,preview
2022,7,7,4,7,4,,preview
2022,7,7,5,9,9,,preview
2022,7,7,6,8,8,,preview
2022,8,8,1,9,9,,preview
2022,8,8,2,6,2,,preview
2022,8,8,3,4,4,,preview
2022,8,8,5,7,7,,preview
2022,8,8,8,10,8,,preview
2022,9,9,1,7,7,,preview
2022,9,9,2,10,10,,preview
2022,9,9,3,6,3,,preview
2022,9,9,4,5,5,,preview
2022,9,9,8,9,8,,preview
2022,10,10,1,4,4,,preview
2022,10,10,2,9,2,,preview
2022,10,10,3,5,5,,preview
2022,10,10,6,10,6,,preview
2022,10,10,7,8,7,,preview
2022,11,11,1,5,1,,preview
2022,11,11,2,7,7,,preview
2022,11,11,3,10,10,,preview
2022,11,11,4,8,4,,preview
2022,11,11,6,9,9,,preview
2022,12,12,1,3,3,,preview
2022,12,12,2,4,2,,preview
2022,12,12,5,8,5,,preview
2022,12,12,6,7,7,,preview
2022,12,12,9,10,10,,preview
2022,13,13,1,8,8,,preview
2022,13,13,2,5,2,,preview
2022,13,13,3,9,9,,preview
2022,13,13,4,6,4,,preview
2022,13,13,7,10,7,,preview
2022,14,14,1,7,7,,preview
2022,14,14,2,6,6,,preview
2022,14,14,3,4,4,,preview
2022,14,14,5,9,9,,preview
2022,14,14,8,10,8,,preview
2022,15,17,1,6,6,,preview
2022,15,15,2,10,2,,preview
2022,15,15,3,8,8,,preview
2022,15,15,4,9,4,,preview
2022,15,15,5,7,7,,preview
2022,16,17,2,5,2,,preview
2022,16,17,3,4,4,,preview
2022,16,17,7,10,10,,preview
2022,16,17,8,9,8,,preview
2023,1,1,1,6,1,,preview
2023,1,1,2,3,2,,preview
2023,1,1,4,9,9,,preview
2023,1,1,5,10,5,,preview
2023,1,1,7,8,7,,preview
2023,2,2,1,5,1,,preview
2023,2,2,2,7,2,,preview
2023,2,2,3,10,3,,preview
2023,2,2,4,8,8,,preview
2023,2,2,6,9,6,,preview
2023,3,3,1,3,1,,preview
2023,3,3,2,4,2,,preview
2023,3,3,5,8,5,,preview
2023,3,3,6,7,6,,preview
2023,3,3,9,10,10,,preview
2023,4,4,1,7,1,,preview
2023,4,4,2,5,2,,preview
2023,4,4,3,9,9,,preview
2023,4,4,4,6,6,,preview
2023,4,4,8,10,10,,preview
2023,5,5,1,2,1,,video
2023,5,5,3,8,8,,video
2023,5,5,4,10,10,,video
2023,5,5,5,6,6,,video
2023,5,5,7,9,7,,video
2023,6,6,1,6,6,,preview
2023,6,6,2,10,10,,preview
2023,6,6,3,7,7,,preview
2023,6,6,4,5,5,,preview
2023,6,6,8,9,9,,preview
2023,7,7,1,10,1,,preview
2023,7,7,2,9,2,,preview
2023,7,7,3,5,5,,preview
2023,7,7,4,7,7,,preview
2023,7,7,6,8,6,,preview
2023,8,8,1,9,9,,preview
2023,8,8,2,6,2,,preview
2023,8,8,3,4,4,,preview
2023,8,8,5,7,7,,preview
2023,8,8,8,10,10,,preview
2023,9,9,1,7,7,,preview
2023,9,9,2,4,2,,preview
2023,9,9,3,8,8,,preview
2023,9,9,5,10,10,,preview
2023,9,9,6,9,6,,preview
2023,10,10,1,3,1,hit,video
2023,10,10,2,9,2,hit,video
2023,10,10,4,5,5,hit,video
2023,10,10,6,10,6,hit,video
2023,10,10,7,8,7,hit,video
2023,11,11,1,9,9,,preview
2023,11,11,2,7,2,,preview
2023,11,11,3,10,10,,preview
2023,11,11,4,8,8,,preview
2023,11,11,5,6,5,,preview
2023,12,12,1,4,1,,preview
2023,12,12,2,8,2,,preview
2023,12,12,3,6,6,,preview
2023,12,12,5,9,5,,preview
2023,12,12,7,10,7,,preview
2023,13,13,1,8,1,,preview
2023,13,13,2,10,2,,preview
2023,13,13,3,9,9,,preview
2023,13,13,4,6,6,,preview
2023,13,13,5,7,7,,preview
2023,14,15,1,6,6,,preview
2023,14,15,2,7,2,,preview
2023,14,15,3,5,5,,preview
2023,14,17,4,8,8,,preview
2023,14,15,9,10,10,,preview
2023,16,17,1,7,7,,preview
2023,16,17,2,6,2,,preview
2023,16,17,3,9,9,,preview
2023,16,17,5,10,10,,preview
2024,1,1,1,6,1,,preview
2024,1,1,2,3,2,,preview
2024,1,1,4,9,4,,preview
2024,1,1,5,10,5,,preview
2024,1,1,7,8,7,,preview
2024,2,2,1,5,5,,preview
2024,2,2,2,7,7,,preview
2024,2,2,3,10,10,,preview
2024,2,2,4,8,4,,preview
2024,2,2,6,9,9,,preview
2024,3,3,1,3,1,,preview
2024,3,3,2,4,2,,preview
2024,3,3,5,8,5,,preview
2024,3,3,6,7,7,,preview
2024,3,3,9,10,9,,preview
2024,4,4,1,7,7,,preview
2024,4,4,2,5,5,,preview
2024,4,4,3,9,9,,preview
2024,4,4,4,6,4,,preview
2024,4,4,8,10,8,,preview
2024,5,5,1,2,1,,preview
2024,5,5,3,8,8,,preview
2024,5,5,4,10,4,,preview
2024,5,5,5,6,5,,preview
2024,5,5,7,9,7,,preview
2024,6,6,1,6,1,hit,recap
2024,6,6,2,10,2,miss,recap
2024,6,6,3,7,7,miss,recap
2024,6,6,4,5,5,hit,recap
2024,6,6,8,9,8,hit,recap
2024,7,7,1,10,10,hit,recap
2024,7,7,2,9,9,miss,recap
2024,7,7,3,5,5,hit,recap
2024,7,7,4,7,7,miss,recap
2024,7,7,6,8,8,hit,recap
2024,8,8,1,9,1,miss,recap
2024,8,8,2,6,2,hit,recap
2024,8,8,3,4,4,hit,recap
2024,8,8,5,7,7,miss,recap
2024,8,8,8,10,8,hit,recap
2024,9,9,1,7,1,hit,recap
2024,9,9,2,4,2,hit,recap
2024,9,9,3,8,8,hit,recap
2024,9,9,5,10,5,miss,recap
2024,9,9,6,9,9,hit,recap
2024,10,10,1,3,1,hit,recap
2024,10,10,2,9,9,miss,recap
2024,10,10,4,5,4,hit,recap
2024,10,10,6,10,10,hit,recap
2024,10,10,7,8,8,miss,recap
2024,11,11,1,9,1,miss,recap
2024,11,11,2,7,2,miss,recap
2024,11,11,3,10,10,hit,recap
2024,11,11,4,8,4,hit,recap
2024,11,11,5,6,5,miss,recap
2024,12,12,1,4,1,hit,recap
2024,12,12,2,8,2,miss,recap
2024,12,12,3,6,6,miss,recap
2024,12,12,5,9,5,miss,recap
2024,12,12,7,10,7,,preview
2024,13,13,1,8,1,hit,recap
2024,13,13,2,10,2,hit,recap
2024,13,13,3,9,9,miss,recap
2024,13,13,4,6,4,hit,recap
2024,13,13,5,7,7,miss,recap
2024,14,15,1,9,1,miss,recap
2024,14,15,2,10,2,miss,recap
2024,14,17,3,6,6,miss,recap
2024,14,15,4,7,7,miss,recap
2024,14,15,5,8,5,hit,recap
2024,16,17,1,8,8,miss,recap
2024,16,17,2,7,7,hit,recap
2024,16,17,4,10,4,hit,recap
2024,16,17,5,9,5,hit,recap
2025,1,1,1,8,8,miss,video
2025,1,1,2,4,4,hit,video
2025,1,1,3,10,10,miss,video
2025,1,1,5,6,5,hit,video
2025,1,1,7,9,7,miss,video
2025,2,2,1,6,1,miss,recap
2025,2,2,2,5,2,miss,recap
2025,2,2,3,7,7,miss,recap
2025,2,2,4,8,4,hit,recap
2025,2,2,9,10,9,hit,recap
2025,3,3,1,3,1,hit,recap
2025,3,3,2,9,9,hit,recap
2025,3,3,4,6,4,hit,recap
2025,3,3,5,10,5,miss,recap
2025,3,3,7,8,8,miss,recap
2025,4,4,1,10,1,hit,recap
2025,4,4,2,6,2,hit,recap
2025,4,4,3,4,4,hit,recap
2025,4,4,5,7,7,hit,recap
2025,4,4,8,9,9,hit,recap
2025,5,5,1,7,7,hit,recap
2025,5,5,2,3,3,miss,recap
2025,5,5,4,10,10,miss,recap
2025,5,5,5,8,5,hit,recap
2025,5,5,6,9,9,miss,recap
2025,6,6,1,5,5,hit,recap
2025,6,6,2,10,2,miss,recap
2025,6,6,3,9,9,hit,recap
2025,6,6,4,7,4,hit,recap
2025,6,6,6,8,8,hit,recap
2025,7,7,1,9,9,,preview
2025,7,7,2,7,7,,preview
2025,7,7,3,8,3,,preview
2025,7,7,4,5,4,,preview
2025,7,7,6,10,10,,preview
2025,9,9,1,8,8,miss,recap
2025,9,9,2,4,4,miss,recap
2025,9,9,3,10,10,hit,recap
2025,9,9,5,6,5,miss,recap
2025,9,9,7,9,7,hit,recap
2025,10,10,1,6,6,miss,recap
2025,10,10,2,5,2,miss,recap
2025,10,10,3,7,7,hit,recap
2025,10,10,4,8,4,hit,recap
2025,10,10,9,10,9,hit,recap
2025,11,11,1,3,1,hit,recap
2025,11,11,2,9,2,miss,recap
2025,11,11,4,6,6,miss,recap
2025,11,11,5,10,5,hit,recap
2025,11,11,7,8,7,hit,recap
2025,12,12,1,4,4,miss,recap
2025,12,12,2,8,2,hit,recap
2025,12,12,3,6,3,hit,recap
2025,12,12,5,9,5,hit,recap
2025,12,12,7,10,7,hit,recap
2025,13,13,1,10,1,hit,recap
2025,13,13,2,6,2,hit,recap
2025,13,13,3,4,4,miss,recap
2025,13,13,5,7,7,hit,recap
2025,13,13,8,9,9,hit,recap
2025,14,15,1,2,1,hit,recap
2025,14,15,3,10,10,hit,recap
2025,14,15,4,9,4,miss,recap
2025,14,15,5,7,7,miss,recap
2025,14,17,6,8,6,hit,recap
2025,16,17,1,10,1,miss,recap
2025,16,17,2,3,2,miss,recap
2025,16,17,4,7,7,hit,recap
2025,16,17,5,9,5,hit,recap
2026,1,1,1,9,9,hit,recap
2026,1,1,2,3,2,hit,recap
2026,1,1,4,5,4,miss,recap
2026,1,1,6,10,10,hit,recap
2026,1,1,7,8,7,hit,recap
2026,2,2,1,5,1,hit,recap
2026,2,2,2,4,2,hit,recap
2026,2,2,3,9,9,miss,recap
2026,2,2,6,7,7,miss,recap
2026,2,2,8,10,8,miss,recap
2026,3,3,1,2,1,hit,recap
2026,3,3,3,7,7,hit,recap
2026,3,3,4,8,4,miss,recap
2026,3,3,5,10,10,hit,recap
2026,3,3,6,9,9,hit,recap
2026,4,4,1,8,1,hit,recap
2026,4,4,2,9,9,hit,recap
2026,4,4,3,10,10,hit,recap
2026,4,4,4,7,7,hit,recap
2026,4,4,5,6,5,hit,recap
