season,week,position,player_id,player_name,team_id,graded,source
2021,2,WR,16799,Allen Robinson II,1,,preview
2021,2,K,3049899,Younghoe Koo,2,,preview
2021,2,TE,4036133,T.J. Hockenson,4,,preview
2021,2,QB,8439,Aaron Rodgers,6,,preview
2021,2,RB,3119195,Chase Edmonds,9,,preview
2021,3,QB,2577417,Dak Prescott,2,hit,recap
2021,3,K,3049899,Younghoe Koo,2,hit,recap
2021,3,TE,4360248,Kyle Pitts,6,miss,recap
2021,3,RB,3895827,Ty'Son Williams,8,miss,recap
2021,3,WR,4262921,Justin Jefferson,9,hit,recap
2021,4,K,3049899,Younghoe Koo,2,miss,recap
2021,4,QB,2330,Tom Brady,3,miss,recap
2021,4,RB,4242214,Clyde Edwards-Helaire,6,hit,recap
2021,4,WR,15818,Keenan Allen,8,miss,recap
2021,4,TE,3116365,Mark Andrews,9,miss,recap
2021,5,K,3049899,Younghoe Koo,2,hit,recap
2021,5,WR,4035687,Michael Pittman Jr.,3,hit,recap
2021,5,RB,15807,Cordarrelle Patterson,5,hit,recap
2021,5,TE,3116365,Mark Andrews,9,hit,recap
2021,5,QB,3139477,Patrick Mahomes,10,miss,recap
2021,6,RB,3042519,Aaron Jones,2,hit,recap
2021,6,K,16339,Brandon McManus,3,miss,recap
2021,6,WR,3121422,Terry McLaurin,6,miss,recap
2021,6,QB,4040715,Jalen Hurts,7,hit,recap
2021,6,TE,4036131,Noah Fant,8,hit,recap
2021,7,QB,3916387,Lamar Jackson,1,hit,recap
2021,7,K,3049899,Younghoe Koo,2,hit,recap
2021,7,WR,15795,DeAndre Hopkins,4,hit,recap
2021,7,TE,15835,Zach Ertz,5,hit,recap
2021,7,RB,3925347,Damien Harris,9,hit,recap
2021,8,RB,3051392,Ezekiel Elliott,1,miss,recap
2021,8,WR,4047646,A.J. Brown,1,hit,recap
2021,8,K,3049899,Younghoe Koo,2,hit,recap
2021,8,TE,4036133,T.J. Hockenson,4,hit,recap
2021,8,QB,3917315,Kyler Murray,8,miss,recap
2021,9,WR,4241372,Marquise Brown,1,hit,recap
2021,9,K,3049899,Younghoe Koo,2,hit,recap
2021,9,TE,3121023,Dallas Goedert,3,miss,recap
2021,9,RB,3054850,Alvin Kamara,5,hit,recap
2021,9,QB,12483,Matthew Stafford,8,miss,recap
2021,10,K,3049899,Younghoe Koo,2,miss,recap
2021,10,TE,3040151,George Kittle,3,hit,recap
2021,10,RB,4241457,Najee Harris,4,miss,recap
2021,10,QB,4038941,Justin Herbert,5,miss,recap
2021,10,WR,16460,Adam Thielen,8,miss,recap
2021,11,RB,4239934,AJ Dillon,1,miss,recap
2021,11,K,3049899,Younghoe Koo,2,miss,recap
2021,11,WR,4241389,CeeDee Lamb,2,miss,recap
2021,11,QB,2330,Tom Brady,3,miss,recap
2021,11,TE,4361411,Pat Freiermuth,8,hit,recap
2021,12,WR,3126486,Deebo Samuel,1,hit,recap
2021,12,K,3049899,Younghoe Koo,2,miss,recap
2021,12,TE,3116365,Mark Andrews,2,hit,recap
2021,12,RB,4035538,David Montgomery,7,miss,recap
2021,12,QB,14880,Kirk Cousins,10,miss,recap
2021,13,QB,3916387,Lamar Jackson,1,miss,recap
2021,13,K,3049899,Younghoe Koo,2,miss,recap
2021,13,WR,4035687,Michael Pittman Jr.,3,hit,recap
2021,13,RB,4241555,Elijah Mitchell,9,hit,recap
2021,13,TE,13229,Rob Gronkowski,10,hit,recap
2021,14,K,3049899,Younghoe Koo,2,hit,recap
2021,14,RB,4361579,Javonte Williams,2,hit,recap
2021,14,TE,3040151,George Kittle,3,hit,recap
2021,14,WR,3915416,DJ Moore,8,miss,recap
2021,14,QB,3917315,Kyler Murray,8,miss,recap
2021,15,WR,16800,Davante Adams,2,miss,recap
2021,15,K,3049899,Younghoe Koo,2,hit,recap
2021,15,RB,3886818,Myles Gaskin,2,miss,recap
2021,15,TE,3040151,George Kittle,3,miss,recap
2021,15,QB,3917315,Kyler Murray,8,miss,recap
2021,16,QB,2577417,Dak Prescott,2,hit,recap
2021,16,K,3049899,Younghoe Koo,2,hit,recap
2021,16,TE,3116365,Mark Andrews,2,hit,recap
2021,16,WR,2977187,Cooper Kupp,3,miss,recap
2021,16,RB,4242335,Jonathan Taylor,3,miss,recap
2021,17,K,3049899,Younghoe Koo,2,hit,recap
2021,17,RB,3912550,Ronald Jones II,2,miss,recap
2021,17,QB,4383351,Trey Lance,2,hit,recap
2021,17,TE,3040151,George Kittle,3,miss,recap
2021,17,WR,3135321,Hunter Renfrow,3,hit,recap
2022,1,TE,3117256,Dalton Schultz,1,miss,recap
2022,1,QB,14881,Russell Wilson,2,miss,recap
2022,1,K,12731,Ryan Succop,6,hit,recap
2022,1,WR,4035687,Michael Pittman Jr.,7,hit,recap
2022,1,RB,3929630,Saquon Barkley,9,hit,recap
2022,2,QB,3917315,Kyler Murray,1,hit,recap
2022,2,K,3049899,Younghoe Koo,2,miss,recap
2022,2,TE,4360248,Kyle Pitts,7,miss,recap
2022,2,WR,4374302,Amon-Ra St. Brown,8,hit,recap
2022,2,RB,4259545,D'Andre Swift,9,hit,recap
2022,3,WR,3128429,Courtland Sutton,1,hit,recap
2022,3,K,3049899,Younghoe Koo,2,hit,recap
2022,3,RB,4361579,Javonte Williams,6,miss,recap
2022,3,QB,4038941,Justin Herbert,8,miss,recap
2022,3,TE,2576925,Darren Waller,9,miss,recap
2022,4,K,3049899,Younghoe Koo,2,hit,recap
2022,4,WR,4241389,CeeDee Lamb,4,hit,recap
2022,4,QB,3916387,Lamar Jackson,9,miss,recap
2022,4,TE,15847,Travis Kelce,10,hit,recap
2022,4,RB,3068267,Austin Ekeler,10,hit,recap
2022,5,K,3049899,Younghoe Koo,2,miss,recap
2022,5,QB,2330,Tom Brady,3,miss,recap
2022,5,WR,4362628,Ja'Marr Chase,6,miss,recap
2022,5,FLEX,4035886,Khalil Herbert,9,miss,recap
2022,5,RB,4045163,Miles Sanders,9,miss,recap
2022,5,TE,15847,Travis Kelce,10,hit,recap
2022,6,WR,2977187,Cooper Kupp,1,miss,recap
2022,6,K,3049899,Younghoe Koo,2,miss,recap
2022,6,FLEX,4569173,Rhamondre Stevenson,3,hit,recap
2022,6,RB,3042519,Aaron Jones,4,miss,recap
2022,6,TE,3123076,David Njoku,8,miss,recap
2022,6,QB,3918298,Josh Allen,10,hit,recap
2022,7,K,3049899,Younghoe Koo,2,miss,recap
2022,7,TE,3116365,Mark Andrews,2,miss,recap
2022,7,FLEX,4239934,AJ Dillon,7,miss,recap
2022,7,RB,4567048,Kenneth Walker III,8,hit,recap
2022,7,WR,3126486,Deebo Samuel,9,miss,recap
2022,7,QB,3915511,Joe Burrow,10,hit,recap
2022,8,K,3049899,Younghoe Koo,2,hit,recap
2022,8,WR,4361370,Chris Olave,2,miss,recap
2022,8,TE,4036133,T.J. Hockenson,4,hit,recap
2022,8,FLEX,4035687,Michael Pittman Jr.,7,miss,recap
2022,8,QB,3916387,Lamar Jackson,9,hit,recap
2022,8,RB,2576414,Raheem Mostert,10,miss,recap
2022,9,K,3049899,Younghoe Koo,2,miss,recap
2022,9,WR,4239993,Tee Higgins,3,miss,recap
2022,9,QB,3139477,Patrick Mahomes,4,hit,recap
2022,9,TE,3918639,Gerald Everett,7,miss,recap
2022,9,RB,4567048,Kenneth Walker III,8,,recap
2022,9,FLEX,3121422,Terry McLaurin,10,miss,recap
2022,10,TE,3117256,Dalton Schultz,1,hit,recap
2022,10,K,3049899,Younghoe Koo,2,,recap
2022,10,FLEX,3895856,Christian Kirk,2,hit,recap
2022,10,WR,4241463,Jerry Jeudy,3,,recap
2022,10,RB,4047365,Josh Jacobs,6,hit,recap
2022,10,QB,4040715,Jalen Hurts,7,miss,recap
2022,11,WR,3128429,Courtland Sutton,1,miss,recap
2022,11,K,3049899,Younghoe Koo,2,hit,recap
2022,11,QB,4362887,Justin Fields,2,hit,recap
2022,11,TE,3040151,George Kittle,3,,recap
2022,11,RB,4241474,Brian Robinson Jr.,8,miss,recap
2022,11,FLEX,3916945,Darius Slayton,9,hit,recap
2022,12,K,3049899,Younghoe Koo,2,miss,recap
2022,12,RB,4569173,Rhamondre Stevenson,3,miss,recap
2022,12,WR,4243537,Gabe Davis,4,miss,recap
2022,12,FLEX,4374302,Amon-Ra St. Brown,7,,recap
2022,12,QB,4038941,Justin Herbert,8,,recap
2022,12,TE,4361411,Pat Freiermuth,9,miss,recap
2022,13,WR,4426354,George Pickens,1,miss,recap
2022,13,K,3049899,Younghoe Koo,2,,recap
2022,13,TE,3040151,George Kittle,3,miss,recap
2022,13,FLEX,3042519,Aaron Jones,4,miss,recap
2022,13,RB,4035538,David Montgomery,5,miss,recap
2022,13,QB,4040715,Jalen Hurts,7,hit,recap
2022,14,WR,4362628,Ja'Marr Chase,2,hit,recap
2022,14,TE,4036133,T.J. Hockenson,4,miss,recap
2022,14,FLEX,4374302,Amon-Ra St. Brown,7,miss,recap
2022,14,QB,4038941,Justin Herbert,8,hit,recap
2022,14,K,15683,Justin Tucker,9,hit,recap
2022,14,RB,4259545,D'Andre Swift,9,miss,recap
2022,15,K,3049899,Younghoe Koo,2,miss,recap
2022,15,QB,4362887,Justin Fields,2,hit,recap
2022,15,FLEX,4248528,Christian Watson,5,miss,recap
2022,15,RB,3128720,Nick Chubb,7,miss,recap
2022,15,TE,3918639,Gerald Everett,7,miss,recap
2022,15,WR,16800,Davante Adams,10,miss,recap
2022,16,RB,4241985,J.K. Dobbins,7,miss,recap
2022,16,WR,4262921,Justin Jefferson,7,hit,recap
2022,16,FLEX,4374302,Amon-Ra St. Brown,7,miss,recap
2022,16,TE,15847,Travis Kelce,10,miss,recap
2022,16,K,3050478,Jake Elliott,10,hit,recap
2022,16,QB,3918298,Josh Allen,10,hit,recap
2022,17,K,3051909,Daniel Carlson,7,hit,recap
2022,17,WR,4047646,A.J. Brown,7,hit,recap
2022,17,FLEX,4569618,Garrett Wilson,7,miss,recap
2022,17,TE,15847,Travis Kelce,10,miss,recap
2022,17,RB,3068267,Austin Ekeler,10,hit,recap
2023,1,TE,4385690,Dalton Kincaid,1,miss,recap
2023,1,QB,4038941,Justin Herbert,2,hit,recap
2023,1,RB,3042519,Aaron Jones,4,,recap
2023,1,WR,4361370,Chris Olave,5,hit,recap
2023,1,K,3049899,Younghoe Koo,10,hit,recap
2023,2,FLEX,4360438,Brandon Aiyuk,1,miss,recap
2023,2,QB,3916387,Lamar Jackson,6,hit,recap
2023,2,WR,4047646,A.J. Brown,7,miss,recap
2023,2,K,3049899,Younghoe Koo,10,hit,recap
2023,2,TE,4036133,T.J. Hockenson,10,hit,recap
2023,3,WR,15818,Keenan Allen,2,hit,recap
2023,3,QB,14880,Kirk Cousins,3,hit,recap
2023,3,RB,4047365,Josh Jacobs,5,miss,recap
2023,3,FLEX,16737,Mike Evans,6,hit,recap
2023,3,TE,3040151,George Kittle,9,hit,recap
2023,3,K,3049899,Younghoe Koo,10,miss,recap
2023,4,RB,4567048,Kenneth Walker III,1,,preview
2023,4,FLEX,4241463,Jerry Jeudy,4,,preview
2023,4,WR,4361370,Chris Olave,5,,preview
2023,4,TE,2576925,Darren Waller,8,,preview
2023,4,QB,3915511,Joe Burrow,9,,preview
2023,4,K,3049899,Younghoe Koo,10,,preview
2023,5,FLEX,4241478,DeVonta Smith,1,miss,recap
2023,5,RB,3043078,Derrick Henry,4,miss,recap
2023,5,TE,3051876,Evan Engram,5,miss,recap
2023,5,QB,3918298,Josh Allen,7,hit,recap
2023,5,WR,3121422,Terry McLaurin,8,miss,recap
2023,5,K,3049899,Younghoe Koo,10,hit,recap
2023,6,FLEX,4379399,James Cook,1,miss,recap
2023,6,WR,4241389,CeeDee Lamb,2,hit,recap
2023,6,RB,4048244,Alexander Mattison,7,miss,recap
2023,6,TE,4430027,Sam LaPorta,9,miss,recap
2023,6,K,3049899,Younghoe Koo,10,miss,recap
2023,7,WR,2977187,Cooper Kupp,2,miss,recap
2023,7,TE,3121023,Dallas Goedert,3,hit,recap
2023,7,QB,3916387,Lamar Jackson,6,,recap
2023,7,FLEX,4428331,Rashee Rice,7,hit,recap
2023,7,K,3049899,Younghoe Koo,10,,recap
2023,7,RB,4259545,D'Andre Swift,10,miss,recap
2023,8,QB,4038941,Justin Herbert,2,hit,recap
2023,8,FLEX,4429615,Zay Flowers,4,miss,recap
2023,8,TE,3051876,Evan Engram,5,hit,recap
2023,8,RB,4360238,Dameon Pierce,9,miss,recap
2023,8,WR,2976212,Stefon Diggs,10,miss,recap
2023,8,K,3049899,Younghoe Koo,10,hit,recap
2023,9,TE,3116365,Mark Andrews,2,,preview
2023,9,WR,3932905,Diontae Johnson,7,,preview
2023,9,RB,4361529,Isiah Pacheco,8,,preview
2023,9,QB,3915511,Joe Burrow,9,,preview
2023,9,K,3049899,Younghoe Koo,10,,preview
2023,9,FLEX,3059915,Kareem Hunt,10,,preview
2023,10,WR,4047650,DK Metcalf,1,miss,recap
2023,10,RB,3042519,Aaron Jones,4,miss,recap
2023,10,QB,3046779,Jared Goff,7,hit,recap
2023,10,TE,3040151,George Kittle,9,hit,recap
2023,10,K,3049899,Younghoe Koo,10,miss,recap
2023,10,FLEX,4430807,Bijan Robinson,10,hit,recap
2023,11,K,3055899,Harrison Butker,2,miss,recap
2023,11,WR,16800,Davante Adams,6,hit,recap
2023,11,TE,4430027,Sam LaPorta,7,miss,recap
2023,11,QB,3917315,Kyler Murray,8,hit,recap
2023,11,FLEX,3045147,James Conner,9,miss,recap
2023,11,RB,4427366,Breece Hall,10,hit,recap
2023,12,RB,3043078,Derrick Henry,1,hit,recap
2023,12,WR,4241389,CeeDee Lamb,2,miss,recap
2023,12,QB,4432577,C.J. Stroud,5,hit,recap
2023,12,FLEX,3915416,DJ Moore,6,hit,recap
2023,12,TE,4361307,Trey McBride,7,miss,recap
2023,12,K,3049899,Younghoe Koo,10,hit,recap
2023,13,TE,4361411,Pat Freiermuth,1,miss,recap
2023,13,RB,4429795,Jahmyr Gibbs,2,miss,recap
2023,13,QB,4241479,Tua Tagovailoa,4,hit,recap
2023,13,WR,4047646,A.J. Brown,7,miss,recap
2023,13,FLEX,3128429,Courtland Sutton,9,hit,recap
2023,13,K,3049899,Younghoe Koo,10,hit,recap
2023,14,WR,4241478,DeVonta Smith,1,miss,recap
2023,14,K,3055899,Harrison Butker,2,miss,recap
2023,14,TE,4430027,Sam LaPorta,2,miss,recap
2023,14,FLEX,3054850,Alvin Kamara,6,miss,recap
2023,14,QB,3916387,Lamar Jackson,6,hit,recap
2023,14,RB,4429160,De'Von Achane,7,miss,recap
2023,15,RB,3043078,Derrick Henry,1,miss,recap
2023,15,WR,2977187,Cooper Kupp,2,hit,recap
2023,15,TE,4430027,Sam LaPorta,2,hit,recap
2023,15,QB,3916387,Lamar Jackson,6,miss,recap
2023,15,FLEX,3932905,Diontae Johnson,7,hit,recap
2023,15,K,3049899,Younghoe Koo,10,miss,recap
2023,16,QB,2577417,Dak Prescott,2,miss,recap
2023,16,FLEX,4361370,Chris Olave,2,hit,recap
2023,16,RB,4429795,Jahmyr Gibbs,2,hit,recap
2023,16,TE,15847,Travis Kelce,6,miss,recap
2023,16,K,3049899,Younghoe Koo,10,hit,recap
2023,17,WR,4241389,CeeDee Lamb,2,hit,recap
2023,17,TE,15847,Travis Kelce,6,,recap
2023,17,QB,3916387,Lamar Jackson,6,hit,recap
2023,17,FLEX,4372019,Jerome Ford,6,hit,recap
2023,17,K,3049899,Younghoe Koo,10,miss,recap
2024,1,K,3049899,Younghoe Koo,3,miss,recap
2024,1,TE,4360248,Kyle Pitts,3,hit,recap
2024,1,WR,4361370,Chris Olave,4,miss,recap
2024,1,QB,3046779,Jared Goff,5,miss,recap
2024,1,RB,4429160,De'Von Achane,6,hit,recap
2024,1,FLEX,4595348,Malik Nabers,7,miss,recap
2024,2,K,3049899,Younghoe Koo,3,hit,recap
2024,2,QB,4429084,Anthony Richardson,3,miss,recap
2024,2,TE,3116365,Mark Andrews,4,miss,recap
2024,2,FLEX,4428331,Rashee Rice,5,hit,recap
2024,2,RB,3929630,Saquon Barkley,9,miss,recap
2024,3,RB,3916148,Tony Pollard,1,miss,recap
2024,3,WR,4432708,Marvin Harrison Jr.,2,hit,recap
2024,3,K,3049899,Younghoe Koo,3,miss,recap
2024,3,TE,4432665,Brock Bowers,5,miss,recap
2024,3,FLEX,3932905,Diontae Johnson,6,hit,recap
2024,3,QB,3915511,Joe Burrow,10,hit,recap
2024,4,TE,15847,Travis Kelce,1,hit,recap
2024,4,K,3049899,Younghoe Koo,3,hit,recap
2024,4,WR,4430878,Jaxon Smith-Njigba,4,miss,recap
2024,4,FLEX,4372019,Jerome Ford,5,miss,recap
2024,4,QB,4426348,Jayden Daniels,9,hit,recap
2024,4,RB,4429795,Jahmyr Gibbs,10,hit,recap
2024,5,RB,4047365,Josh Jacobs,2,,recap
2024,5,K,3049899,Younghoe Koo,3,,recap
2024,5,FLEX,4432773,Brian Thomas Jr.,4,,recap
2024,5,TE,4242355,Jake Ferguson,6,,recap
2024,5,WR,4047650,DK Metcalf,7,,recap
2024,5,QB,4036378,Jordan Love,8,,recap
2024,6,FLEX,4035538,David Montgomery,1,hit,recap
2024,6,K,3049899,Younghoe Koo,3,hit,recap
2024,6,WR,3121422,Terry McLaurin,5,,recap
2024,6,QB,3917315,Kyler Murray,5,miss,recap
2024,6,TE,3040151,George Kittle,8,,recap
2024,7,RB,3916148,Tony Pollard,1,miss,recap
2024,7,FLEX,4429160,De'Von Achane,2,miss,recap
2024,7,K,3049899,Younghoe Koo,3,miss,recap
2024,7,QB,3916387,Lamar Jackson,4,,recap
2024,7,TE,3123076,David Njoku,6,,recap
2024,8,QB,4040715,Jalen Hurts,2,hit,recap
2024,8,K,3049899,Younghoe Koo,3,miss,recap
2024,8,TE,4360248,Kyle Pitts,3,,recap
2024,8,RB,3059915,Kareem Hunt,5,miss,recap
2024,8,FLEX,4241389,CeeDee Lamb,8,,recap
2024,9,K,3049899,Younghoe Koo,3,miss,recap
2024,9,TE,4432665,Brock Bowers,5,hit,recap
2024,9,FLEX,4595348,Malik Nabers,7,miss,recap
2024,9,RB,4567048,Kenneth Walker III,8,miss,recap
2024,9,WR,2977187,Cooper Kupp,9,hit,recap
2024,9,QB,4426348,Jayden Daniels,9,miss,recap
2024,10,QB,4432577,C.J. Stroud,1,miss,recap
2024,10,K,3049899,Younghoe Koo,3,miss,recap
2024,10,WR,4432773,Brian Thomas Jr.,4,miss,recap
2024,10,TE,3040151,George Kittle,8,hit,recap
2024,10,FLEX,3915416,DJ Moore,9,miss,recap
2024,11,FLEX,4369863,Cedric Tillman,1,miss,recap
2024,11,RB,4429160,De'Von Achane,2,hit,recap
2024,11,K,3049899,Younghoe Koo,3,hit,recap
2024,11,TE,3123076,David Njoku,6,hit,recap
2024,11,WR,4569618,Garrett Wilson,8,miss,recap
2024,11,QB,3915511,Joe Burrow,10,hit,recap
2024,12,FLEX,4595348,Malik Nabers,4,miss,recap
2024,12,QB,4038941,Justin Herbert,6,miss,recap
2024,12,WR,4047650,DK Metcalf,7,miss,recap
2024,12,RB,4429795,Jahmyr Gibbs,8,hit,recap
2024,12,TE,3121023,Dallas Goedert,9,miss,recap
2024,12,K,17372,Chris Boswell,10,miss,recap
2024,13,QB,4040715,Jalen Hurts,2,miss,recap
2024,13,K,3049899,Younghoe Koo,3,miss,recap
2024,13,WR,4612826,Ladd McConkey,3,hit,recap
2024,13,TE,3116365,Mark Andrews,4,hit,recap
2024,13,FLEX,4379399,James Cook,5,hit,recap
2024,13,RB,4567048,Kenneth Walker III,8,miss,recap
2024,14,RB,3916148,Tony Pollard,1,miss,recap
2024,14,K,4689936,Jake Bates,1,hit,recap
2024,14,WR,16737,Mike Evans,5,miss,recap
2024,14,TE,4432665,Brock Bowers,5,miss,recap
2024,14,QB,4036378,Jordan Love,8,hit,recap
2024,14,FLEX,3915416,DJ Moore,9,miss,recap
2024,15,FLEX,2976499,Amari Cooper,1,miss,recap
2024,15,QB,3917315,Kyler Murray,5,miss,recap
2024,15,WR,4569618,Garrett Wilson,5,hit,recap
2024,15,TE,3040151,George Kittle,8,miss,recap
2024,15,K,3953687,Brandon Aubrey,9,hit,recap
2024,15,RB,4569173,Rhamondre Stevenson,9,miss,recap
2024,16,QB,3917315,Kyler Murray,5,hit,recap
2024,16,RB,4379399,James Cook,5,hit,recap
2024,16,TE,4432665,Brock Bowers,5,hit,recap
2024,16,FLEX,15818,Keenan Allen,9,hit,recap
2024,16,WR,2977187,Cooper Kupp,9,miss,recap
2024,16,K,3953687,Brandon Aubrey,9,hit,recap
2024,17,WR,16737,Mike Evans,5,hit,recap
2024,17,FLEX,3121422,Terry McLaurin,5,miss,recap
2024,17,K,3917232,Tyler Bass,5,hit,recap
2024,17,TE,15835,Zach Ertz,9,hit,recap
2024,17,RB,3929630,Saquon Barkley,9,miss,recap
2024,17,QB,4426348,Jayden Daniels,9,hit,recap
2025,1,FLEX,4426354,George Pickens,2,,preview
2025,1,K,17372,Chris Boswell,4,,preview
2025,1,TE,4431459,Tyler Warren,5,,preview
2025,1,RB,3045147,James Conner,6,,preview
2025,1,WR,4426502,Drake London,7,,preview
2025,1,QB,3052587,Baker Mayfield,8,,preview
2025,2,WR,4567750,Emeka Egbuka,2,miss,recap
2025,2,TE,15847,Travis Kelce,4,miss,recap
2025,2,QB,4038941,Justin Herbert,5,hit,recap
2025,2,RB,3045147,James Conner,6,miss,recap
2025,2,K,4686361,Cam Little,8,hit,recap
2025,2,FLEX,4035687,Michael Pittman Jr.,10,miss,recap
2025,3,RB,4360569,Jordan Mason,1,hit,recap
2025,3,QB,2577417,Dak Prescott,2,miss,recap
2025,3,K,4697745,Tyler Loop,3,miss,recap
2025,3,WR,4430878,Jaxon Smith-Njigba,4,hit,recap
2025,3,FLEX,4047650,DK Metcalf,7,miss,recap
2025,3,TE,4361307,Trey McBride,10,hit,recap
2025,4,K,4362081,Cameron Dicker,1,miss,recap
2025,4,FLEX,4429615,Zay Flowers,4,miss,recap
2025,4,WR,4426515,Puka Nacua,6,hit,recap
2025,4,QB,4431452,Drake Maye,7,hit,recap
2025,4,TE,3929645,Juwan Johnson,9,miss,recap
2025,4,RB,4890973,Ashton Jeanty,10,,recap
2025,5,WR,4569618,Garrett Wilson,1,hit,recap
2025,5,TE,4430027,Sam LaPorta,3,hit,recap
2025,5,FLEX,4696981,Cam Skattebo,4,miss,recap
2025,5,QB,4038941,Justin Herbert,5,miss,recap
2025,5,K,3055899,Harrison Butker,9,miss,recap
2025,5,RB,4429160,De'Von Achane,9,miss,recap
2025,6,RB,4575131,Jacory Croskey-Merritt,1,miss,recap
2025,6,FLEX,4239996,Travis Etienne Jr.,2,miss,recap
2025,6,K,3150744,Chase McLaughlin,4,miss,recap
2025,6,TE,3046439,Hunter Henry,7,miss,recap
2025,6,QB,3918298,Josh Allen,9,miss,recap
2025,7,FLEX,4569987,Jaylen Warren,2,,preview
2025,7,RB,3929630,Saquon Barkley,3,,preview
2025,7,QB,4431611,Caleb Williams,4,,preview
2025,7,K,2473037,Jason Myers,5,,preview
2025,7,WR,4683062,Xavier Worthy,6,,preview
2025,7,TE,3046439,Hunter Henry,7,,preview
2025,9,RB,3043078,Derrick Henry,4,miss,recap
2025,9,TE,4431459,Tyler Warren,5,miss,recap
2025,9,FLEX,3128429,Courtland Sutton,7,hit,recap
2025,9,QB,4431452,Drake Maye,7,miss,recap
2025,9,K,4360234,Evan McPherson,10,hit,recap
2025,9,WR,4428331,Rashee Rice,10,hit,recap
2025,10,WR,4258173,Nico Collins,1,hit,recap
2025,10,FLEX,4685702,Quinshon Judkins,2,miss,recap
2025,10,K,17372,Chris Boswell,8,miss,recap
2025,10,QB,3052587,Baker Mayfield,8,hit,recap
2025,10,RB,4241985,J.K. Dobbins,9,miss,recap
2025,11,FLEX,4426388,Jameson Williams,3,hit,recap
2025,11,WR,4429025,Quentin Johnston,5,miss,recap
2025,11,RB,3042519,Aaron Jones Sr.,6,miss,recap
2025,11,TE,4243331,Cade Otton,8,miss,recap
2025,11,QB,3918298,Josh Allen,9,hit,recap
2025,11,K,4686361,Cam Little,10,hit,recap
2025,12,QB,12483,Matthew Stafford,1,hit,recap
2025,12,WR,2976212,Stefon Diggs,6,miss,recap
2025,12,K,3050478,Jake Elliott,6,miss,recap
2025,12,TE,3040151,George Kittle,9,miss,recap
2025,13,TE,3116365,Mark Andrews,1,miss,recap
2025,13,K,4362081,Cameron Dicker,1,hit,recap
2025,13,QB,3139477,Patrick Mahomes,3,hit,recap
2025,13,RB,4430737,Kyren Williams,5,hit,recap
2025,13,FLEX,4239996,Travis Etienne Jr.,6,miss,recap
2025,13,WR,4372016,Jaylen Waddle,8,miss,recap
2025,14,K,2473037,Jason Myers,4,,preview
2025,14,FLEX,4429615,Zay Flowers,4,,preview
2025,14,WR,4430878,Jaxon Smith-Njigba,4,,preview
2025,14,RB,4362238,Chase Brown,5,,preview
2025,14,TE,4431459,Tyler Warren,5,,preview
2025,14,QB,3046779,Jared Goff,7,,preview
2025,15,WR,4362628,Ja'Marr Chase,5,hit,recap
2025,15,K,3953687,Brandon Aubrey,7,hit,recap
2025,15,QB,4431452,Drake Maye,7,miss,recap
2025,15,TE,3040151,George Kittle,9,hit,recap
2025,15,FLEX,4360516,Tyrone Tracy Jr.,9,hit,recap
2025,15,RB,4596448,Bucky Irving,9,miss,recap
2025,16,QB,4038941,Justin Herbert,5,hit,recap
2025,16,FLEX,4360761,Michael Wilson,5,hit,recap
2025,16,K,4569923,Andy Borregales,5,hit,recap
2025,16,TE,3040151,George Kittle,9,hit,recap
2025,16,RB,4429160,De'Von Achane,9,miss,recap
2025,16,WR,4685472,Tetairoa McMillan,9,hit,recap
2025,17,QB,2577417,Dak Prescott,5,hit,recap
2025,17,RB,4362238,Chase Brown,5,hit,recap
2025,17,WR,4426354,George Pickens,5,miss,recap
2025,17,TE,4723086,Colston Loveland,5,hit,recap
2025,17,K,4034949,Eddy Pineiro,9,hit,recap
2025,17,FLEX,4360516,Tyrone Tracy Jr.,9,miss,recap
2026,1,TE,5083076,Harold Fannin Jr.,1,miss,recap
2026,1,RB,4362238,Chase Brown,2,hit,recap
2026,1,FLEX,3116165,Chris Godwin Jr.,5,miss,recap
2026,1,WR,4241478,DeVonta Smith,6,miss,recap
2026,1,QB,4038941,Justin Herbert,9,miss,recap
2026,1,K,4869461,Trey Smack,10,hit,recap
2026,2,WR,4567750,Emeka Egbuka,1,miss,recap
2026,2,QB,4040715,Jalen Hurts,2,miss,recap
2026,2,K,4034949,Eddy Pineiro,3,miss,recap
2026,2,TE,4385690,Dalton Kincaid,6,hit,recap
2026,2,RB,4429160,De'Von Achane,8,miss,recap
2026,2,FLEX,4569173,Rhamondre Stevenson,9,miss,recap
2026,3,K,2971573,Ka'imi Fairbairn,1,miss,recap
2026,3,FLEX,4430737,Kyren Williams,1,hit,recap
2026,3,WR,4426354,George Pickens,4,hit,recap
2026,3,TE,4572680,Tucker Kraft,5,miss,recap
2026,3,QB,2577417,Dak Prescott,7,hit,recap
2026,3,RB,3043078,Derrick Henry,9,hit,recap
