season,week,rank,team_id,source
2021,1,3,1,notes
2021,1,2,2,notes
2021,1,9,3,notes
2021,1,10,4,notes
2021,1,1,5,notes
2021,1,4,6,notes
2021,1,7,7,notes
2021,1,6,8,notes
2021,1,5,9,notes
2021,1,8,10,notes
2021,2,4,1,notes
2021,2,1,2,notes
2021,2,6,3,notes
2021,2,8,4,notes
2021,2,3,5,notes
2021,2,9,6,notes
2021,2,2,7,notes
2021,2,10,8,notes
2021,2,7,9,notes
2021,2,5,10,notes
2021,4,7,1,notes
2021,4,1,2,notes
2021,4,2,3,notes
2021,4,10,4,notes
2021,4,8,5,notes
2021,4,9,6,notes
2021,4,3,7,notes
2021,4,6,8,notes
2021,4,4,9,notes
2021,4,5,10,notes
2021,5,6,1,notes
2021,5,3,2,notes
2021,5,4,3,notes
2021,5,9,4,notes
2021,5,7,5,notes
2021,5,10,6,notes
2021,5,1,7,notes
2021,5,8,8,notes
2021,5,2,9,notes
2021,5,5,10,notes
2021,6,5,1,notes
2021,6,4,2,notes
2021,6,2,3,notes
2021,6,9,4,notes
2021,6,6,5,notes
2021,6,10,6,notes
2021,6,3,7,notes
2021,6,8,8,notes
2021,6,1,9,notes
2021,6,7,10,notes
2021,7,5,1,notes
2021,7,3,2,notes
2021,7,4,3,notes
2021,7,9,4,notes
2021,7,6,5,notes
2021,7,10,6,notes
2021,7,2,7,notes
2021,7,8,8,notes
2021,7,1,9,notes
2021,7,7,10,notes
2021,8,4,1,notes
2021,8,3,2,notes
2021,8,2,3,notes
2021,8,8,4,notes
2021,8,6,5,notes
2021,8,10,6,notes
2021,8,5,7,notes
2021,8,7,8,notes
2021,8,1,9,notes
2021,8,9,10,notes
2021,9,4,1,notes
2021,9,3,2,notes
2021,9,1,3,notes
2021,9,8,4,notes
2021,9,7,5,notes
2021,9,10,6,notes
2021,9,5,7,notes
2021,9,6,8,notes
2021,9,2,9,notes
2021,9,9,10,notes
2021,10,2,1,notes
2021,10,4,2,notes
2021,10,1,3,notes
2021,10,9,4,notes
2021,10,7,5,notes
2021,10,10,6,notes
2021,10,5,7,notes
2021,10,6,8,notes
2021,10,3,9,notes
2021,10,8,10,notes
2021,11,2,1,notes
2021,11,3,2,notes
2021,11,1,3,notes
2021,11,9,4,notes
2021,11,8,5,notes
2021,11,10,6,notes
2021,11,6,7,notes
2021,11,5,8,notes
2021,11,4,9,notes
2021,11,7,10,notes
2021,12,2,1,notes
2021,12,3,2,notes
2021,12,1,3,notes
2021,12,10,4,notes
2021,12,7,5,notes
2021,12,9,6,notes
2021,12,5,7,notes
2021,12,4,8,notes
2021,12,6,9,notes
2021,12,8,10,notes
2021,13,4,1,notes
2021,13,2,2,notes
2021,13,1,3,notes
2021,13,9,4,notes
2021,13,5,5,notes
2021,13,10,6,notes
2021,13,7,7,notes
2021,13,6,8,notes
2021,13,3,9,notes
2021,13,8,10,notes
2021,14,6,1,notes
2021,14,2,2,notes
2021,14,1,3,notes
2021,14,9,4,notes
2021,14,7,5,notes
2021,14,10,6,notes
2021,14,5,7,notes
2021,14,3,8,notes
2021,14,4,9,notes
2021,14,8,10,notes
2022,1,4,1,notes
2022,1,1,2,notes
2022,1,6,3,notes
2022,1,7,4,notes
2022,1,9,5,notes
2022,1,8,6,notes
2022,1,2,7,notes
2022,1,5,8,notes
2022,1,3,9,notes
2022,1,10,10,notes
2022,2,7,1,notes
2022,2,4,2,notes
2022,2,9,3,notes
2022,2,3,4,notes
2022,2,10,5,notes
2022,2,8,6,notes
2022,2,1,7,notes
2022,2,5,8,notes
2022,2,2,9,notes
2022,2,6,10,notes
2022,3,7,1,notes
2022,3,6,2,notes
2022,3,10,3,notes
2022,3,5,4,notes
2022,3,8,5,notes
2022,3,9,6,notes
2022,3,1,7,notes
2022,3,3,8,notes
2022,3,2,9,notes
2022,3,4,10,notes
2022,4,7,1,notes
2022,4,5,2,notes
2022,4,10,3,notes
2022,4,6,4,notes
2022,4,8,5,notes
2022,4,9,6,notes
2022,4,1,7,notes
2022,4,4,8,notes
2022,4,2,9,notes
2022,4,3,10,notes
2022,5,6,1,notes
2022,5,4,2,notes
2022,5,8,3,notes
2022,5,5,4,notes
2022,5,9,5,notes
2022,5,10,6,notes
2022,5,3,7,notes
2022,5,7,8,notes
2022,5,1,9,notes
2022,5,2,10,notes
2022,6,6,1,notes
2022,6,4,2,notes
2022,6,7,3,notes
2022,6,5,4,notes
2022,6,9,5,notes
2022,6,10,6,notes
2022,6,2,7,notes
2022,6,8,8,notes
2022,6,3,9,notes
2022,6,1,10,notes
2022,7,8,1,notes
2022,7,3,2,notes
2022,7,5,3,notes
2022,7,6,4,notes
2022,7,7,5,notes
2022,7,10,6,notes
2022,7,2,7,notes
2022,7,9,8,notes
2022,7,1,9,notes
2022,7,4,10,notes
2022,8,9,1,notes
2022,8,3,2,notes
2022,8,7,3,notes
2022,8,4,4,notes
2022,8,6,5,notes
2022,8,10,6,notes
2022,8,2,7,notes
2022,8,8,8,notes
2022,8,5,9,notes
2022,8,1,10,notes
2022,9,10,1,notes
2022,9,3,2,notes
2022,9,6,3,notes
2022,9,7,4,notes
2022,9,5,5,notes
2022,9,9,6,notes
2022,9,1,7,notes
2022,9,8,8,notes
2022,9,4,9,notes
2022,9,2,10,notes
2022,10,10,1,notes
2022,10,4,2,notes
2022,10,9,3,notes
2022,10,6,4,notes
2022,10,3,5,notes
2022,10,8,6,notes
2022,10,2,7,notes
2022,10,5,8,notes
2022,10,7,9,notes
2022,10,1,10,notes
2022,11,10,1,notes
2022,11,3,2,notes
2022,11,9,3,notes
2022,11,5,4,notes
2022,11,4,5,notes
2022,11,8,6,notes
2022,11,2,7,notes
2022,11,6,8,notes
2022,11,7,9,notes
2022,11,1,10,notes
2022,12,10,1,notes
2022,12,2,2,notes
2022,12,9,3,notes
2022,12,7,4,notes
2022,12,3,5,notes
2022,12,6,6,notes
2022,12,4,7,notes
2022,12,5,8,notes
2022,12,8,9,notes
2022,12,1,10,notes
2022,13,8,1,notes
2022,13,4,2,notes
2022,13,10,3,notes
2022,13,7,4,notes
2022,13,5,5,notes
2022,13,6,6,notes
2022,13,2,7,notes
2022,13,3,8,notes
2022,13,9,9,notes
2022,13,1,10,notes
2022,14,8,1,notes
2022,14,4,2,notes
2022,14,10,3,notes
2022,14,6,4,notes
2022,14,5,5,notes
2022,14,7,6,notes
2022,14,1,7,notes
2022,14,3,8,notes
2022,14,9,9,notes
2022,14,2,10,notes
2022,15,9,1,notes
2022,15,3,2,notes
2022,15,10,3,notes
2022,15,6,4,notes
2022,15,5,5,notes
2022,15,8,6,notes
2022,15,1,7,notes
2022,15,2,8,notes
2022,15,7,9,notes
2022,15,4,10,notes
2023,1,3,1,notes
2023,1,2,2,notes
2023,1,10,3,notes
2023,1,6,4,notes
2023,1,4,5,notes
2023,1,8,6,notes
2023,1,1,7,notes
2023,1,7,8,notes
2023,1,5,9,notes
2023,1,9,10,notes
2023,2,3,1,notes
2023,2,1,2,notes
2023,2,10,3,notes
2023,2,6,4,notes
2023,2,2,5,notes
2023,2,9,6,notes
2023,2,4,7,notes
2023,2,7,8,notes
2023,2,5,9,notes
2023,2,8,10,notes
2023,3,2,1,notes
2023,3,1,2,notes
2023,3,7,3,notes
2023,3,9,4,notes
2023,3,3,5,notes
2023,3,6,6,notes
2023,3,10,7,notes
2023,3,5,8,notes
2023,3,4,9,notes
2023,3,8,10,notes
2023,4,2,1,notes
2023,4,1,2,notes
2023,4,9,3,notes
2023,4,10,4,notes
2023,4,3,5,notes
2023,4,4,6,notes
2023,4,6,7,notes
2023,4,7,8,notes
2023,4,5,9,notes
2023,4,8,10,notes
2023,6,4,1,notes
2023,6,1,2,notes
2023,6,9,3,notes
2023,6,10,4,notes
2023,6,7,5,notes
2023,6,3,6,notes
2023,6,5,7,notes
2023,6,6,8,notes
2023,6,8,9,notes
2023,6,2,10,notes
2023,7,6,1,notes
2023,7,1,2,notes
2023,7,9,3,notes
2023,7,10,4,notes
2023,7,5,5,notes
2023,7,2,6,notes
2023,7,4,7,notes
2023,7,8,8,notes
2023,7,7,9,notes
2023,7,3,10,notes
2023,8,6,1,notes
2023,8,1,2,notes
2023,8,9,3,notes
2023,8,10,4,notes
2023,8,8,5,notes
2023,8,2,6,notes
2023,8,3,7,notes
2023,8,5,8,notes
2023,8,7,9,notes
2023,8,4,10,notes
2023,9,6,1,notes
2023,9,1,2,notes
2023,9,8,3,notes
2023,9,10,4,notes
2023,9,9,5,notes
2023,9,2,6,notes
2023,9,3,7,notes
2023,9,7,8,notes
2023,9,5,9,notes
2023,9,4,10,notes
2023,11,7,1,notes
2023,11,1,2,notes
2023,11,8,3,notes
2023,11,10,4,notes
2023,11,5,5,notes
2023,11,4,6,notes
2023,11,2,7,notes
2023,11,9,8,notes
2023,11,3,9,notes
2023,11,6,10,notes
2023,12,6,1,notes
2023,12,2,2,notes
2023,12,9,3,notes
2023,12,10,4,notes
2023,12,4,5,notes
2023,12,3,6,notes
2023,12,1,7,notes
2023,12,8,8,notes
2023,12,5,9,notes
2023,12,7,10,notes
2023,13,5,1,notes
2023,13,1,2,notes
2023,13,10,3,notes
2023,13,9,4,notes
2023,13,4,5,notes
2023,13,3,6,notes
2023,13,2,7,notes
2023,13,8,8,notes
2023,13,6,9,notes
2023,13,7,10,notes
2023,14,4,1,notes
2023,14,1,2,notes
2023,14,8,3,notes
2023,14,10,4,notes
2023,14,5,5,notes
2023,14,3,6,notes
2023,14,2,7,notes
2023,14,9,8,notes
2023,14,7,9,notes
2023,14,6,10,notes
2024,1,3,1,notes
2024,1,4,2,notes
2024,1,2,3,notes
2024,1,7,4,notes
2024,1,8,5,notes
2024,1,6,6,notes
2024,1,1,7,notes
2024,1,5,8,notes
2024,1,9,9,notes
2024,1,10,10,notes
2024,2,6,1,notes
2024,2,1,2,notes
2024,2,2,3,notes
2024,2,8,4,notes
2024,2,4,5,notes
2024,2,9,6,notes
2024,2,3,7,notes
2024,2,7,8,notes
2024,2,5,9,notes
2024,2,10,10,notes
2024,3,6,1,notes
2024,3,3,2,notes
2024,3,5,3,notes
2024,3,8,4,notes
2024,3,4,5,notes
2024,3,9,6,notes
2024,3,1,7,notes
2024,3,7,8,notes
2024,3,2,9,notes
2024,3,10,10,notes
2024,4,4,1,notes
2024,4,5,2,notes
2024,4,9,3,notes
2024,4,7,4,notes
2024,4,6,5,notes
2024,4,10,6,notes
2024,4,1,7,notes
2024,4,8,8,notes
2024,4,2,9,notes
2024,4,3,10,notes
2024,5,1,1,notes
2024,5,6,2,notes
2024,5,10,3,notes
2024,5,8,4,notes
2024,5,5,5,notes
2024,5,9,6,notes
2024,5,2,7,notes
2024,5,4,8,notes
2024,5,3,9,notes
2024,5,7,10,notes
2024,6,1,1,notes
2024,6,7,2,notes
2024,6,10,3,notes
2024,6,5,4,notes
2024,6,4,5,notes
2024,6,9,6,notes
2024,6,6,7,notes
2024,6,2,8,notes
2024,6,3,9,notes
2024,6,8,10,notes
2024,7,1,1,notes
2024,7,9,2,notes
2024,7,8,3,notes
2024,7,6,4,notes
2024,7,3,5,notes
2024,7,10,6,notes
2024,7,5,7,notes
2024,7,2,8,notes
2024,7,4,9,notes
2024,7,7,10,notes
2024,8,3,1,notes
2024,8,7,2,notes
2024,8,9,3,notes
2024,8,4,4,notes
2024,8,1,5,notes
2024,8,10,6,notes
2024,8,5,7,notes
2024,8,2,8,notes
2024,8,6,9,notes
2024,8,8,10,notes
2024,9,4,1,notes
2024,9,5,2,notes
2024,9,8,3,notes
2024,9,6,4,notes
2024,9,1,5,notes
2024,9,10,6,notes
2024,9,7,7,notes
2024,9,2,8,notes
2024,9,3,9,notes
2024,9,9,10,notes
2024,10,4,1,notes
2024,10,5,2,notes
2024,10,9,3,notes
2024,10,6,4,notes
2024,10,3,5,notes
2024,10,10,6,notes
2024,10,7,7,notes
2024,10,1,8,notes
2024,10,2,9,notes
2024,10,8,10,notes
2024,11,2,1,notes
2024,11,3,2,notes
2024,11,9,3,notes
2024,11,5,4,notes
2024,11,4,5,notes
2024,11,10,6,notes
2024,11,7,7,notes
2024,11,1,8,notes
2024,11,6,9,notes
2024,11,8,10,notes
2024,12,2,1,notes
2024,12,6,2,notes
2024,12,10,3,notes
2024,12,3,4,notes
2024,12,5,5,notes
2024,12,9,6,notes
2024,12,7,7,notes
2024,12,1,8,notes
2024,12,4,9,notes
2024,12,8,10,notes
2024,13,2,1,notes
2024,13,7,2,notes
2024,13,9,3,notes
2024,13,4,4,notes
2024,13,6,5,notes
2024,13,10,6,notes
2024,13,8,7,notes
2024,13,1,8,notes
2024,13,3,9,notes
2024,13,5,10,notes
2024,14,1,1,notes
2024,14,7,2,notes
2024,14,9,3,notes
2024,14,5,4,notes
2024,14,4,5,notes
2024,14,10,6,notes
2024,14,6,7,notes
2024,14,3,8,notes
2024,14,2,9,notes
2024,14,8,10,notes
2025,1,3,1,notes
2025,1,5,2,notes
2025,1,9,3,notes
2025,1,1,4,notes
2025,1,7,5,notes
2025,1,10,6,notes
2025,1,4,7,notes
2025,1,2,8,notes
2025,1,8,9,notes
2025,1,6,10,notes
2025,3,3,1,notes
2025,3,9,2,notes
2025,3,2,3,notes
2025,3,4,4,notes
2025,3,7,5,notes
2025,3,5,6,notes
2025,3,8,7,notes
2025,3,10,8,notes
2025,3,1,9,notes
2025,3,6,10,notes
2025,4,2,1,notes
2025,4,7,2,notes
2025,4,4,3,notes
2025,4,3,4,notes
2025,4,8,5,notes
2025,4,9,6,notes
2025,4,6,7,notes
2025,4,10,8,notes
2025,4,1,9,notes
2025,4,5,10,notes
2025,5,7,1,notes
2025,5,3,2,notes
2025,5,8,3,notes
2025,5,4,4,notes
2025,5,2,5,notes
2025,5,10,6,notes
2025,5,5,7,notes
2025,5,9,8,notes
2025,5,1,9,notes
2025,5,6,10,notes
2025,6,6,1,notes
2025,6,2,2,notes
2025,6,10,3,notes
2025,6,1,4,notes
2025,6,4,5,notes
2025,6,9,6,notes
2025,6,5,7,notes
2025,6,8,8,notes
2025,6,3,9,notes
2025,6,7,10,notes
2025,7,7,1,notes
2025,7,6,2,notes
2025,7,9,3,notes
2025,7,1,4,notes
2025,7,2,5,notes
2025,7,10,6,notes
2025,7,4,7,notes
2025,7,5,8,notes
2025,7,3,9,notes
2025,7,8,10,notes
2025,9,6,1,notes
2025,9,7,2,notes
2025,9,8,3,notes
2025,9,1,4,notes
2025,9,2,5,notes
2025,9,9,6,notes
2025,9,4,7,notes
2025,9,10,8,notes
2025,9,3,9,notes
2025,9,5,10,notes
2025,10,6,1,notes
2025,10,7,2,notes
2025,10,9,3,notes
2025,10,1,4,notes
2025,10,3,5,notes
2025,10,8,6,notes
2025,10,2,7,notes
2025,10,10,8,notes
2025,10,5,9,notes
2025,10,4,10,notes
2025,11,6,1,notes
2025,11,7,2,notes
2025,11,8,3,notes
2025,11,1,4,notes
2025,11,3,5,notes
2025,11,9,6,notes
2025,11,2,7,notes
2025,11,10,8,notes
2025,11,4,9,notes
2025,11,5,10,notes
2025,12,6,1,notes
2025,12,7,2,notes
2025,12,9,3,notes
2025,12,2,4,notes
2025,12,4,5,notes
2025,12,8,6,notes
2025,12,1,7,notes
2025,12,10,8,notes
2025,12,3,9,notes
2025,12,5,10,notes
2025,13,5,1,notes
2025,13,7,2,notes
2025,13,8,3,notes
2025,13,2,4,notes
2025,13,3,5,notes
2025,13,9,6,notes
2025,13,1,7,notes
2025,13,10,8,notes
2025,13,4,9,notes
2025,13,6,10,notes
2025,14,5,1,notes
2025,14,8,2,notes
2025,14,7,3,notes
2025,14,2,4,notes
2025,14,3,5,notes
2025,14,9,6,notes
2025,14,1,7,notes
2025,14,10,8,notes
2025,14,4,9,notes
2025,14,6,10,notes
2026,1,3,1,notes
2026,1,2,2,notes
2026,1,7,3,notes
2026,1,5,4,notes
2026,1,6,5,notes
2026,1,8,6,notes
2026,1,1,7,notes
2026,1,9,8,notes
2026,1,4,9,notes
2026,1,10,10,notes
2026,2,3,1,notes
2026,2,4,2,notes
2026,2,8,3,notes
2026,2,6,4,notes
2026,2,5,5,notes
2026,2,9,6,notes
2026,2,1,7,notes
2026,2,10,8,notes
2026,2,2,9,notes
2026,2,7,10,notes
2026,3,2,1,notes
2026,3,3,2,notes
2026,3,8,3,notes
2026,3,9,4,notes
2026,3,5,5,notes
2026,3,7,6,notes
2026,3,1,7,notes
2026,3,10,8,notes
2026,3,4,9,notes
2026,3,6,10,notes
2026,4,2,1,notes
2026,4,4,2,notes
2026,4,9,3,notes
2026,4,7,4,notes
2026,4,6,5,notes
2026,4,8,6,notes
2026,4,1,7,notes
2026,4,10,8,notes
2026,4,3,9,notes
2026,4,5,10,notes
